Workbook
Name Slicer_hr: #N/A
Name Slicer_mnth: #N/A
Name Slicer_temp_cat: #N/A
Name Slicer_Time_period: #N/A
Name Slicer_weather_category: #N/A
Name Slicer_Week_days: #N/A
Name Slicer_week_type: #N/A

Sheet dataset_1
A1: instant | B1: dteday | C1: season | D1: yr | E1: mnth | F1: hr | G1: holiday | H1: weekday | I1: weathersit | J1: temp
A2: 14 | B2: 40544 | C2: 1 | D2: 0 | E2: 1 | F2: 13 | G2: FALSE | H2: 6 | I2: 2 | J2: 0.46 | K2: 1. Conditional Formatting (Coloring Data)
A3: 15 | B3: 40544 | C3: 1 | D3: 0 | E3: 1 | F3: 14 | G3: FALSE | H3: 6 | I3: 2 | J3: 0.46 | L3: weathersit = 3 → Red color (bad weather)
A4: 24 | B4: 40544 | C4: 1 | D4: 0 | E4: 1 | F4: 23 | G4: FALSE | H4: 6 | I4: 2 | J4: 0.46 | L4: High temp → Red color
A5: 25 | B5: 40545 | C5: 1 | D5: 0 | E5: 1 | F5: 0 | G5: FALSE | H5: 0 | I5: 2 | J5: 0.46 | L5: shoreted by temp higest to lowsest to finding
A6: 28 | B6: 40545 | C6: 1 | D6: 0 | E6: 1 | F6: 3 | G6: FALSE | H6: 0 | I6: 2 | J6: 0.46
A7: 29 | B7: 40545 | C7: 1 | D7: 0 | E7: 1 | F7: 4 | G7: FALSE | H7: 0 | I7: 2 | J7: 0.46
A8: 16 | B8: 40544 | C8: 1 | D8: 0 | E8: 1 | F8: 15 | G8: FALSE | H8: 6 | I8: 2 | J8: 0.44
A9: 18 | B9: 40544 | C9: 1 | D9: 0 | E9: 1 | F9: 17 | G9: FALSE | H9: 6 | I9: 2 | J9: 0.44 | K9: 2. Basic Aggregations on temp
A10: 26 | B10: 40545 | C10: 1 | D10: 0 | E10: 1 | F10: 1 | G10: FALSE | H10: 0 | I10: 2 | J10: 0.44
A11: 13 | B11: 40544 | C11: 1 | D11: 0 | E11: 1 | F11: 12 | G11: FALSE | H11: 6 | I11: 1 | J11: 0.42
A12: 17 | B12: 40544 | C12: 1 | D12: 0 | E12: 1 | F12: 16 | G12: FALSE | H12: 6 | I12: 2 | J12: 0.42 | L12: COUNT | O12: =COUNT(J:J) -> 610
A13: 19 | B13: 40544 | C13: 1 | D13: 0 | E13: 1 | F13: 18 | G13: FALSE | H13: 6 | I13: 3 | J13: 0.42 | L13: COUNTIF( HOLIDAY TRUE) | O13: =COUNTIF(G2:G611, TRUE) -> 24
A14: 20 | B14: 40544 | C14: 1 | D14: 0 | E14: 1 | F14: 19 | G14: FALSE | H14: 6 | I14: 3 | J14: 0.42 | L14: COUNTIF( HOLIDAY FALSE) | O14: =COUNTIF(G3:G612, FALSE) -> 585
A15: 27 | B15: 40545 | C15: 1 | D15: 0 | E15: 1 | F15: 2 | G15: FALSE | H15: 0 | I15: 2 | J15: 0.42
A16: 30 | B16: 40545 | C16: 1 | D16: 0 | E16: 1 | F16: 6 | G16: FALSE | H16: 0 | I16: 3 | J16: 0.42 | K16: 3. TEXT Functions on dteday
A17: 21 | B17: 40544 | C17: 1 | D17: 0 | E17: 1 | F17: 20 | G17: FALSE | H17: 6 | I17: 2 | J17: 0.4
A18: 22 | B18: 40544 | C18: 1 | D18: 0 | E18: 1 | F18: 21 | G18: FALSE | H18: 6 | I18: 2 | J18: 0.4 | L18: Sample dteday | O18: 40544
A19: 23 | B19: 40544 | C19: 1 | D19: 0 | E19: 1 | F19: 22 | G19: FALSE | H19: 6 | I19: 2 | J19: 0.4 | L19: LEFT(dteday,2) – Day | O19: =LEFT(B2,2) -> 40
A20: 31 | B20: 40545 | C20: 1 | D20: 0 | E20: 1 | F20: 7 | G20: FALSE | H20: 0 | I20: 2 | J20: 0.4 | L20: RIGHT(dteday,4) – Year | O20: =RIGHT(B3,2) -> 44
A21: 32 | B21: 40545 | C21: 1 | D21: 0 | E21: 1 | F21: 8 | G21: FALSE | H21: 0 | I21: 3 | J21: 0.4 | L21: LEN(dteday) – Characters in date string | O21: =LEN(B2) -> 5
A22: 421 | B22: 40562 | C22: 1 | D22: 0 | E22: 1 | F22: 13 | G22: FALSE | H22: 3 | I22: 1 | J22: 0.4 | L22: mid(dtedy2,2) | O22: =MID(B2,2,2) -> 05
A23: 422 | B23: 40562 | C23: 1 | D23: 0 | E23: 1 | F23: 14 | G23: FALSE | H23: 3 | I23: 1 | J23: 0.4
A24: 423 | B24: 40562 | C24: 1 | D24: 0 | E24: 1 | F24: 15 | G24: FALSE | H24: 3 | I24: 1 | J24: 0.4
A25: 11 | B25: 40544 | C25: 1 | D25: 0 | E25: 1 | F25: 10 | G25: FALSE | H25: 6 | I25: 1 | J25: 0.38
A26: 33 | B26: 40545 | C26: 1 | D26: 0 | E26: 1 | F26: 9 | G26: FALSE | H26: 0 | I26: 2 | J26: 0.38
A27: 424 | B27: 40562 | C27: 1 | D27: 0 | E27: 1 | F27: 16 | G27: FALSE | H27: 3 | I27: 1 | J27: 0.38
A28: 12 | B28: 40544 | C28: 1 | D28: 0 | E28: 1 | F28: 11 | G28: FALSE | H28: 6 | I28: 1 | J28: 0.36
A29: 34 | B29: 40545 | C29: 1 | D29: 0 | E29: 1 | F29: 10 | G29: FALSE | H29: 0 | I29: 2 | J29: 0.36
A30: 35 | B30: 40545 | C30: 1 | D30: 0 | E30: 1 | F30: 11 | G30: FALSE | H30: 0 | I30: 2 | J30: 0.36
A31: 36 | B31: 40545 | C31: 1 | D31: 0 | E31: 1 | F31: 12 | G31: FALSE | H31: 0 | I31: 2 | J31: 0.36
A32: 37 | B32: 40545 | C32: 1 | D32: 0 | E32: 1 | F32: 13 | G32: FALSE | H32: 0 | I32: 2 | J32: 0.36
A33: 38 | B33: 40545 | C33: 1 | D33: 0 | E33: 1 | F33: 14 | G33: FALSE | H33: 0 | I33: 3 | J33: 0.36
A34: 42 | B34: 40545 | C34: 1 | D34: 0 | E34: 1 | F34: 18 | G34: FALSE | H34: 0 | I34: 2 | J34: 0.36
... A611: 532 | B611: 40567 | C611: 1 | D611: 0 | E611: 1 | F611: 7 | G611: FALSE | H611: 1 | I611: 1 | J611: 0.02

Sheet dataset_2
A1: Unnamed: 0 | B1: instant | C1: atemp | D1: hum | E1: windspeed | F1: casual | G1: registered | H1: cnt | I1: check_cnt
A2: 439 | B2: 440 | C2: 0.2121 | D2: 0.55 | E2: 0.2836 | F2: 2 | G2: 247 | H2: 249 | I2: =SUM(Table2[[#This Row],[casual]],Table2[[#This Row],[registered]]) -> 249 | K2: 1. Conditional Formatting (Coloring Data)
A3: 555 | B3: 556 | C3: 0.1818 | D3: 0.74 | E3: 0.1343 | F3: 5 | G3: 233 | H3: 238 | I3: =SUM(Table2[[#This Row],[casual]],Table2[[#This Row],[registered]]) -> 238
A4: 565 | B4: 566 | C4: 0.3182 | D4: 0.49 | E4: 0.0896 | F4: 7 | G4: 218 | H4: 225 | I4: =SUM(Table2[[#This Row],[casual]],Table2[[#This Row],[registered]]) -> 225 | K4: windspeed Greater Than → 0.4 = Red colour fill
A5: 564 | B5: 565 | C5: 0.3333 | D5: 0.45 | E5: 0 | F5: 14 | G5: 208 | H5: 222 | I5: =SUM(Table2[[#This Row],[casual]],Table2[[#This Row],[registered]]) -> 222 | K5: atemp Above Average = Green colour
A6: 122 | B6: 123 | C6: 0.2273 | D6: 0.59 | E6: 0 | F6: 3 | G6: 216 | H6: 219 | I6: =SUM(Table2[[#This Row],[casual]],Table2[[#This Row],[registered]]) -> 219 | K6: hum- use colour scaler higest red colour
A7: 239 | B7: 240 | C7: 0.2121 | D7: 0.51 | E7: 0.0896 | F7: 3 | G7: 214 | H7: 217 | I7: =SUM(Table2[[#This Row],[casual]],Table2[[#This Row],[registered]]) -> 217 | K7: cnt top 15 = Red colour
A8: 463 | B8: 464 | C8: 0.1818 | D8: 0.47 | E8: 0.3284 | F8: 7 | G8: 210 | H8: 217 | I8: =SUM(Table2[[#This Row],[casual]],Table2[[#This Row],[registered]]) -> 217 | K8: check_cnt by adding casual & registered
A9: 448 | B9: 449 | C9: 0.3182 | D9: 0.49 | E9: 0.1045 | F9: 8 | G9: 207 | H9: 215 | I9: =SUM(Table2[[#This Row],[casual]],Table2[[#This Row],[registered]]) -> 215
A10: 85 | B10: 86 | C10: 0.2727 | D10: 0.48 | E10: 0.2239 | F10: 10 | G10: 202 | H10: 212 | I10: =SUM(Table2[[#This Row],[casual]],Table2[[#This Row],[registered]]) -> 212
A11: 145 | B11: 146 | C11: 0.197 | D11: 0.51 | E11: 0.2537 | F11: 20 | G11: 190 | H11: 210 | I11: =SUM(Table2[[#This Row],[casual]],Table2[[#This Row],[registered]]) -> 210 | K11: 2. Basic Aggregations on count
A12: 285 | B12: 286 | C12: 0.1364 | D12: 0.5 | E12: 0.194 | F12: 5 | G12: 197 | H12: 202 | I12: =SUM(Table2[[#This Row],[casual]],Table2[[#This Row],[registered]]) -> 202
A13: 415 | B13: 416 | C13: 0.2576 | D13: 0.93 | E13: 0.1045 | F13: 1 | G13: 196 | H13: 197 | I13: =SUM(Table2[[#This Row],[casual]],Table2[[#This Row],[registered]]) -> 197 | K13: sum of cnt | O13: =SUM(H:H) -> 33898
A14: 424 | B14: 425 | C14: 0.3333 | D14: 0.57 | E14: 0.3284 | F14: 7 | G14: 190 | H14: 197 | I14: =SUM(Table2[[#This Row],[casual]],Table2[[#This Row],[registered]]) -> 197 | K14: average of cnt | O14: =AVERAGE(H:H) -> 55.570492
A15: 99 | B15: 100 | C15: 0.1818 | D15: 0.4 | E15: 0.2985 | F15: 3 | G15: 192 | H15: 195 | I15: =SUM(Table2[[#This Row],[casual]],Table2[[#This Row],[registered]]) -> 195 | K15: count of cnt | O15: =COUNT(H:H) -> 610
A16: 108 | B16: 109 | C16: 0.2273 | D16: 0.38 | E16: 0.194 | F16: 4 | G16: 186 | H16: 190 | I16: =SUM(Table2[[#This Row],[casual]],Table2[[#This Row],[registered]]) -> 190
A17: 217 | B17: 218 | C17: 0.1212 | D17: 0.5 | E17: 0.2836 | F17: 4 | G17: 184 | H17: 188 | I17: =SUM(Table2[[#This Row],[casual]],Table2[[#This Row],[registered]]) -> 188
A18: 154 | B18: 155 | C18: 0.2576 | D18: 0.37 | E18: 0 | F18: 9 | G18: 178 | H18: 187 | I18: =SUM(Table2[[#This Row],[casual]],Table2[[#This Row],[registered]]) -> 187
A19: 449 | B19: 450 | C19: 0.2576 | D19: 0.56 | E19: 0.194 | F19: 1 | G19: 184 | H19: 185 | I19: =SUM(Table2[[#This Row],[casual]],Table2[[#This Row],[registered]]) -> 185
A20: 541 | B20: 542 | C20: 0.1212 | D20: 0.5 | E20: 0.2537 | F20: 6 | G20: 178 | H20: 184 | I20: =SUM(Table2[[#This Row],[casual]],Table2[[#This Row],[registered]]) -> 184
A21: 86 | B21: 87 | C21: 0.2576 | D21: 0.48 | E21: 0.194 | F21: 3 | G21: 179 | H21: 182 | I21: =SUM(Table2[[#This Row],[casual]],Table2[[#This Row],[registered]]) -> 182
A22: 76 | B22: 77 | C22: 0.1515 | D22: 0.69 | E22: 0.1642 | F22: 2 | G22: 177 | H22: 179 | I22: =SUM(Table2[[#This Row],[casual]],Table2[[#This Row],[registered]]) -> 179
A23: 226 | B23: 227 | C23: 0.2273 | D23: 0.4 | E23: 0.1045 | F23: 4 | G23: 174 | H23: 178 | I23: =SUM(Table2[[#This Row],[casual]],Table2[[#This Row],[registered]]) -> 178
A24: 532 | B24: 533 | C24: 0.1364 | D24: 0.49 | E24: 0 | F24: 6 | G24: 171 | H24: 177 | I24: =SUM(Table2[[#This Row],[casual]],Table2[[#This Row],[registered]]) -> 177
A25: 131 | B25: 132 | C25: 0.2273 | D25: 0.51 | E25: 0.1642 | F25: 9 | G25: 163 | H25: 172 | I25: =SUM(Table2[[#This Row],[casual]],Table2[[#This Row],[registered]]) -> 172
A26: 109 | B26: 110 | C26: 0.2424 | D26: 0.38 | E26: 0.1343 | F26: 3 | G26: 166 | H26: 169 | I26: =SUM(Table2[[#This Row],[casual]],Table2[[#This Row],[registered]]) -> 169
A27: 464 | B27: 465 | C27: 0.1818 | D27: 0.51 | E27: 0.3582 | F27: 7 | G27: 159 | H27: 166 | I27: =SUM(Table2[[#This Row],[casual]],Table2[[#This Row],[registered]]) -> 166
... A204: 561 | B204: 562 | C204: 0.3333 | D204: 0.45 | E204: 0 | F204: 11 | G204: 57 | H204: 68 | I204: =SUM(Table2[[#This Row],[casual]],Table2[[#This Row],[registered]]) -> 68
A205: 17 | B205: 18 | D205: 0.82 | E205: 0.2836 | F205: 15 | G205: 52 | H205: 67 | I205: =SUM(Table2[[#This Row],[casual]],Table2[[#This Row],[registered]]) -> 67
A206: 127 | B206: 128 | C206: 0.2727 | D206: 0.35 | E206: 0.1045 | F206: 12 | G206: 55 | H206: 67 | I206: =SUM(Table2[[#This Row],[casual]],Table2[[#This Row],[registered]]) -> 67
A207: 148 | B207: 149 | C207: 0.197 | D207: 0.4 | E207: 0.2239 | F207: 19 | G207: 48 | H207: 67 | I207: =SUM(Table2[[#This Row],[casual]],Table2[[#This Row],[registered]]) -> 67
A208: 366 | B208: 367 | C208: 0.2121 | D208: 0.4 | E208: 0.1642 | F208: 11 | G208: 56 | H208: 67 | I208: =SUM(Table2[[#This Row],[casual]],Table2[[#This Row],[registered]]) -> 67
A209: 495 | B209: 496 | C209: 0.197 | D209: 0.28 | E209: 0 | F209: 8 | G209: 59 | H209: 67 | I209: =SUM(Table2[[#This Row],[casual]],Table2[[#This Row],[registered]]) -> 67
A210: 40 | B210: 41 | C210: 0.3333 | D210: 0.57 | E210: 0.194 | F210: 7 | G210: 58 | H210: 65 | I210: =SUM(Table2[[#This Row],[casual]],Table2[[#This Row],[registered]]) -> 65
A211: 83 | B211: 84 | C211: 0.2727 | D211: 0.52 | E211: 0.2537 | F211: 17 | G211: 48 | H211: 65 | I211: =SUM(Table2[[#This Row],[casual]],Table2[[#This Row],[registered]]) -> 65
A212: 470 | B212: 471 | C212: 0.1212 | D212: 0.26 | E212: 0.4478 | F212: 4 | G212: 61 | H212: 65 | I212: =SUM(Table2[[#This Row],[casual]],Table2[[#This Row],[registered]]) -> 65
A213: 517 | B213: 518 | C213: 0.1364 | D213: 0.26 | E213: 0.3284 | F213: 9 | G213: 56 | H213: 65 | I213: =SUM(Table2[[#This Row],[casual]],Table2[[#This Row],[registered]]) -> 65
A214: 52 | B214: 53 | C214: 0.1364 | D214: 0.5 | E214: 0.194 | F214: 1 | G214: 63 | H214: 64 | I214: =SUM(Table2[[#This Row],[casual]],Table2[[#This Row],[registered]]) -> 64
A215: 297 | B215: 298 | C215: 0.1515 | D215: 0.47 | E215: 0.2239 | F215: 0 | G215: 64 | H215: 64 | I215: =SUM(Table2[[#This Row],[casual]],Table2[[#This Row],[registered]]) -> 64
A216: 314 | B216: 315 | C216: 0.2121 | D216: 0.41 | E216: 0.2836 | F216: 5 | G216: 59 | H216: 64 | I216: =SUM(Table2[[#This Row],[casual]],Table2[[#This Row],[registered]]) -> 64
A217: 383 | B217: 384 | C217: 0.1515 | D217: 0.55 | E217: 0.194 | F217: 9 | G217: 55 | H217: 64 | I217: =SUM(Table2[[#This Row],[casual]],Table2[[#This Row],[registered]]) -> 64
... A230: 57 | B230: 58 | C230: 0.2121 | D230: 0.35 | E230: 0.2985 | F230: 13 | G230: 48 | H230: 61 | I230: =SUM(Table2[[#This Row],[casual]],Table2[[#This Row],[registered]]) -> 61
A231: 58 | B231: 59 | D231: 0.35 | E231: 0.2836 | F231: 8 | G231: 53 | H231: 61 | I231: =SUM(Table2[[#This Row],[casual]],Table2[[#This Row],[registered]]) -> 61
A232: 171 | B232: 172 | C232: 0.197 | D232: 0.8 | E232: 0.1642 | F232: 5 | G232: 56 | H232: 61 | I232: =SUM(Table2[[#This Row],[casual]],Table2[[#This Row],[registered]]) -> 61
A233: 312 | B233: 313 | C233: 0.197 | D233: 0.44 | E233: 0.2537 | F233: 2 | G233: 59 | H233: 61 | I233: =SUM(Table2[[#This Row],[casual]],Table2[[#This Row],[registered]]) -> 61
A234: 367 | B234: 368 | C234: 0.197 | D234: 0.47 | E234: 0.1343 | F234: 14 | G234: 47 | H234: 61 | I234: =SUM(Table2[[#This Row],[casual]],Table2[[#This Row],[registered]]) -> 61
A235: 400 | B235: 401 | C235: 0.2273 | D235: 0.87 | E235: 0.194 | F235: 0 | G235: 61 | H235: 61 | I235: =SUM(Table2[[#This Row],[casual]],Table2[[#This Row],[registered]]) -> 61
A236: 558 | B236: 559 | C236: 0.2424 | D236: 0.6 | E236: 0.1343 | F236: 6 | G236: 55 | H236: 61 | I236: =SUM(Table2[[#This Row],[casual]],Table2[[#This Row],[registered]]) -> 61
A237: 292 | B237: 293 | C237: 0.2121 | D237: 0.38 | E237: 0.2985 | F237: 5 | G237: 55 | H237: 60 | I237: =SUM(Table2[[#This Row],[casual]],Table2[[#This Row],[registered]]) -> 60
A238: 391 | B238: 392 | C238: 0.1818 | D238: 0.59 | E238: 0.194 | F238: 2 | G238: 58 | H238: 60 | I238: =SUM(Table2[[#This Row],[casual]],Table2[[#This Row],[registered]]) -> 60
A239: 537 | B239: 538 | C239: 0.1364 | D239: 0.43 | E239: 0.2239 | F239: 6 | G239: 54 | H239: 60 | I239: =SUM(Table2[[#This Row],[casual]],Table2[[#This Row],[registered]]) -> 60
A240: 601 | B240: 602 | C240: 0.197 | D240: 0.86 | E240: 0.0896 | F240: 2 | G240: 58 | H240: 60 | I240: =SUM(Table2[[#This Row],[casual]],Table2[[#This Row],[registered]]) -> 60
A241: 37 | B241: 38 | D241: 0.76 | E241: 0.194 | F241: 4 | G241: 55 | H241: 59 | I241: =SUM(Table2[[#This Row],[casual]],Table2[[#This Row],[registered]]) -> 59
A242: 125 | B242: 126 | C242: 0.2576 | D242: 0.44 | E242: 0.0896 | F242: 2 | G242: 57 | H242: 59 | I242: =SUM(Table2[[#This Row],[casual]],Table2[[#This Row],[registered]]) -> 59
A243: 149 | B243: 150 | C243: 0.197 | D243: 0.37 | E243: 0.2537 | F243: 9 | G243: 50 | H243: 59 | I243: =SUM(Table2[[#This Row],[casual]],Table2[[#This Row],[registered]]) -> 59
A244: 334 | B244: 335 | C244: 0.197 | D244: 0.59 | E244: 0.1642 | F244: 2 | G244: 57 | H244: 59 | I244: =SUM(Table2[[#This Row],[casual]],Table2[[#This Row],[registered]]) -> 59
A245: 428 | B245: 429 | C245: 0.2879 | D245: 0.49 | E245: 0.4179 | F245: 4 | G245: 55 | H245: 59 | I245: =SUM(Table2[[#This Row],[casual]],Table2[[#This Row],[registered]]) -> 59
A246: 429 | B246: 430 | C246: 0.303 | D246: 0.52 | E246: 0.1642 | F246: 6 | G246: 53 | H246: 59 | I246: =SUM(Table2[[#This Row],[casual]],Table2[[#This Row],[registered]]) -> 59
A247: 466 | B247: 467 | C247: 0.1818 | D247: 0.41 | E247: 0.4627 | F247: 6 | G247: 53 | H247: 59 | I247: =SUM(Table2[[#This Row],[casual]],Table2[[#This Row],[registered]]) -> 59
A248: 497 | B248: 498 | C248: 0.1061 | D248: 0.35 | E248: 0.1343 | F248: 6 | G248: 53 | H248: 59 | I248: =SUM(Table2[[#This Row],[casual]],Table2[[#This Row],[registered]]) -> 59
A249: 545 | B249: 546 | C249: 0.1515 | D249: 0.63 | E249: 0.1642 | F249: 6 | G249: 53 | H249: 59 | I249: =SUM(Table2[[#This Row],[casual]],Table2[[#This Row],[registered]]) -> 59
A250: 591 | B250: 592 | C250: 0.2121 | D250: 0.74 | E250: 0.0896 | F250: 4 | G250: 55 | H250: 59 | I250: =SUM(Table2[[#This Row],[casual]],Table2[[#This Row],[registered]]) -> 59
A251: 511 | B251: 512 | C251: 0.1061 | D251: 0.46 | E251: 0.3881 | F251: 7 | G251: 51 | H251: 58 | I251: =SUM(Table2[[#This Row],[casual]],Table2[[#This Row],[registered]]) -> 58
A252: 578 | B252: 579 | C252: 0.2121 | D252: 0.87 | E252: 0.2985 | F252: 3 | G252: 55 | H252: 58 | I252: =SUM(Table2[[#This Row],[casual]],Table2[[#This Row],[registered]]) -> 58
A253: 79 | B253: 80 | C253: 0.2121 | D253: 0.51 | E253: 0.2985 | F253: 7 | G253: 50 | H253: 57 | I253: =SUM(Table2[[#This Row],[casual]],Table2[[#This Row],[registered]]) -> 57
... A280: 569 | B280: 570 | C280: 0.2273 | D280: 0.64 | E280: 0.1642 | F280: 4 | G280: 49 | H280: 53 | I280: =SUM(Table2[[#This Row],[casual]],Table2[[#This Row],[registered]]) -> 53
A281: 65 | B281: 66 | D281: 0.47 | E281: 0.1045 | F281: 3 | G281: 49 | H281: 52 | I281: =SUM(Table2[[#This Row],[casual]],Table2[[#This Row],[registered]]) -> 52
A282: 66 | B282: 67 | C282: 0.197 | D282: 0.64 | E282: 0.1343 | F282: 3 | G282: 49 | H282: 52 | I282: =SUM(Table2[[#This Row],[casual]],Table2[[#This Row],[registered]]) -> 52
A283: 136 | B283: 137 | C283: 0.2121 | D283: 0.51 | E283: 0.2836 | F283: 1 | G283: 51 | H283: 52 | I283: =SUM(Table2[[#This Row],[casual]],Table2[[#This Row],[registered]]) -> 52
A284: 221 | B284: 222 | C284: 0.1818 | D284: 0.4 | E284: 0.2836 | F284: 5 | G284: 47 | H284: 52 | I284: =SUM(Table2[[#This Row],[casual]],Table2[[#This Row],[registered]]) -> 52
A285: 244 | B285: 245 | C285: 0.2273 | D285: 0.59 | E285: 0.0896 | F285: 6 | G285: 46 | H285: 52 | I285: =SUM(Table2[[#This Row],[casual]],Table2[[#This Row],[registered]]) -> 52
A286: 289 | B286: 290 | C286: 0.1667 | D286: 0.44 | E286: 0.4179 | F286: 3 | G286: 49 | H286: 52 | I286: =SUM(Table2[[#This Row],[casual]],Table2[[#This Row],[registered]]) -> 52
A287: 321 | B287: 322 | C287: 0.2273 | D287: 0.69 | E287: 0 | F287: 4 | G287: 48 | H287: 52 | I287: =SUM(Table2[[#This Row],[casual]],Table2[[#This Row],[registered]]) -> 52
A288: 418 | B288: 419 | C288: 0.303 | D288: 0.87 | E288: 0.0896 | F288: 5 | G288: 47 | H288: 52 | I288: =SUM(Table2[[#This Row],[casual]],Table2[[#This Row],[registered]]) -> 52
A289: 56 | B289: 57 | C289: 0.1818 | D289: 0.4 | E289: 0.3284 | F289: 10 | G289: 41 | H289: 51 | I289: =SUM(Table2[[#This Row],[casual]],Table2[[#This Row],[registered]]) -> 51
A290: 157 | B290: 158 | C290: 0.2121 | D290: 0.47 | E290: 0.1045 | F290: 1 | G290: 50 | H290: 51 | I290: =SUM(Table2[[#This Row],[casual]],Table2[[#This Row],[registered]]) -> 51
A291: 250 | B291: 251 | C291: 0.2273 | D291: 0.93 | E291: 0 | F291: 0 | G291: 51 | H291: 51 | I291: =SUM(Table2[[#This Row],[casual]],Table2[[#This Row],[registered]]) -> 51
A292: 151 | B292: 152 | C292: 0.197 | D292: 0.4 | E292: 0.2537 | F292: 7 | G292: 43 | H292: 50 | I292: =SUM(Table2[[#This Row],[casual]],Table2[[#This Row],[registered]]) -> 50
A293: 520 | B293: 521 | C293: 0.1212 | D293: 0.3 | E293: 0.2836 | F293: 5 | G293: 45 | H293: 50 | I293: =SUM(Table2[[#This Row],[casual]],Table2[[#This Row],[registered]]) -> 50
... A335: 570 | B335: 571 | C335: 0.2273 | D335: 0.64 | E335: 0.1642 | F335: 3 | G335: 37 | H335: 40 | I335: =SUM(Table2[[#This Row],[casual]],Table2[[#This Row],[registered]]) -> 40
A336: 23 | B336: 24 | D336: 0.88 | E336: 0.2985 | F336: 15 | G336: 24 | H336: 39 | I336: =SUM(Table2[[#This Row],[casual]],Table2[[#This Row],[registered]]) -> 39
A337: 158 | B337: 159 | C337: 0.197 | D337: 0.47 | E337: 0.1343 | F337: 0 | G337: 39 | H337: 39 | I337: =SUM(Table2[[#This Row],[casual]],Table2[[#This Row],[registered]]) -> 39
A338: 263 | B338: 264 | C338: 0.1818 | D338: 0.55 | E338: 0.2239 | F338: 0 | G338: 39 | H338: 39 | I338: =SUM(Table2[[#This Row],[casual]],Table2[[#This Row],[registered]]) -> 39
A339: 348 | B339: 349 | C339: 0.303 | D339: 0.56 | E339: 0 | F339: 6 | G339: 33 | H339: 39 | I339: =SUM(Table2[[#This Row],[casual]],Table2[[#This Row],[registered]]) -> 39
A340: 499 | B340: 500 | C340: 0.1061 | D340: 0.41 | E340: 0.0896 | F340: 0 | G340: 39 | H340: 39 | I340: =SUM(Table2[[#This Row],[casual]],Table2[[#This Row],[registered]]) -> 39
A341: 205 | B341: 206 | C341: 0.1212 | D341: 0.46 | E341: 0.2537 | F341: 0 | G341: 38 | H341: 38 | I341: =SUM(Table2[[#This Row],[casual]],Table2[[#This Row],[registered]]) -> 38
A342: 230 | B342: 231 | C342: 0.1364 | D342: 0.59 | E342: 0.194 | F342: 1 | G342: 37 | H342: 38 | I342: =SUM(Table2[[#This Row],[casual]],Table2[[#This Row],[registered]]) -> 38
A343: 287 | B343: 288 | C343: 0.1364 | D343: 0.5 | E343: 0.3582 | F343: 2 | G343: 36 | H343: 38 | I343: =SUM(Table2[[#This Row],[casual]],Table2[[#This Row],[registered]]) -> 38
A344: 592 | B344: 593 | C344: 0.2121 | D344: 0.74 | E344: 0.0896 | F344: 2 | G344: 36 | H344: 38 | I344: =SUM(Table2[[#This Row],[casual]],Table2[[#This Row],[registered]]) -> 38
A345: 608 | B345: 609 | C345: 0.2727 | D345: 0.8 | E345: 0 | F345: 2 | G345: 36 | H345: 38 | I345: =SUM(Table2[[#This Row],[casual]],Table2[[#This Row],[registered]]) -> 38
A346: 19 | B346: 20 | C346: 0.4242 | D346: 0.88 | E346: 0.2537 | F346: 6 | G346: 31 | H346: 37 | I346: =SUM(Table2[[#This Row],[casual]],Table2[[#This Row],[registered]]) -> 37
A347: 182 | B347: 183 | C347: 0.1061 | D347: 0.39 | E347: 0.3582 | F347: 2 | G347: 35 | H347: 37 | I347: =SUM(Table2[[#This Row],[casual]],Table2[[#This Row],[registered]]) -> 37
A348: 288 | B348: 289 | C348: 0.1667 | D348: 0.44 | E348: 0.4478 | F348: 4 | G348: 33 | H348: 37 | I348: =SUM(Table2[[#This Row],[casual]],Table2[[#This Row],[registered]]) -> 37
... A423: 349 | B423: 350 | C423: 0.2727 | D423: 0.56 | E423: 0.1343 | F423: 4 | G423: 19 | H423: 23 | I423: =SUM(Table2[[#This Row],[casual]],Table2[[#This Row],[registered]]) -> 23
A424: 43 | B424: 44 | D424: 0.39 | E424: 0.3582 | F424: 5 | G424: 17 | H424: 22 | I424: =SUM(Table2[[#This Row],[casual]],Table2[[#This Row],[registered]]) -> 22
A425: 184 | B425: 185 | C425: 0.0606 | D425: 0.39 | E425: 0.4478 | F425: 0 | G425: 22 | H425: 22 | I425: =SUM(Table2[[#This Row],[casual]],Table2[[#This Row],[registered]]) -> 22
A426: 397 | B426: 398 | C426: 0.197 | D426: 0.86 | E426: 0.2239 | F426: 0 | G426: 22 | H426: 22 | I426: =SUM(Table2[[#This Row],[casual]],Table2[[#This Row],[registered]]) -> 22
A427: 502 | B427: 503 | C427: 0.0758 | D427: 0.57 | E427: 0.1045 | F427: 2 | G427: 20 | H427: 22 | I427: =SUM(Table2[[#This Row],[casual]],Table2[[#This Row],[registered]]) -> 22
A428: 370 | B428: 371 | C428: 0.2121 | D428: 0.49 | E428: 0.1343 | F428: 2 | G428: 19 | H428: 21 | I428: =SUM(Table2[[#This Row],[casual]],Table2[[#This Row],[registered]]) -> 21
A429: 455 | B429: 456 | C429: 0.2273 | D429: 0.7 | E429: 0.2537 | F429: 1 | G429: 20 | H429: 21 | I429: =SUM(Table2[[#This Row],[casual]],Table2[[#This Row],[registered]]) -> 21
...

Sheet dataset_3
A1: instant | B1: dteday | C1: season | D1: yr | E1: mnth | F1: hr | G1: holiday | H1: weekday | I1: weathersit | J1: temp | K1: atemp | L1: hum | M1: windspeed | N1: casual | O1: registered | P1: cnt
A2: 862 | B2: 40582 | C2: 1 | D2: 0 | E2: 2 | F2: 8 | G2: FALSE | H2: 2 | I2: 1 | J2: 0.24 | K2: 0.197 | L2: 0.56 | M2: 0.4925 | N2: 7 | O2: 236 | P2: 243 | R2: Basic Aggregations
A3: 838 | B3: 40581 | C3: 1 | D3: 0 | E3: 2 | F3: 8 | G3: FALSE | H3: 1 | I3: 2 | J3: 0.16 | K3: 0.2273 | L3: 1 | M3: 0 | N3: 7 | O3: 223 | P3: 230
A4: 766 | B4: 40578 | C4: 1 | D4: 0 | E4: 2 | F4: 8 | G4: FALSE | H4: 5 | I4: 1 | J4: 0.14 | K4: 0.1515 | L4: 0.74 | M4: 0.1343 | N4: 3 | O4: 217 | P4: 220 | R4: SUM OF REGSTERED | T4: =SUM(O:O) -> 22231
A5: 847 | B5: 40581 | C5: 1 | D5: 0 | E5: 2 | F5: 17 | G5: FALSE | H5: 1 | I5: 2 | J5: 0.32 | K5: 0.3182 | L5: 0.7 | M5: 0.1642 | N5: 9 | O5: 207 | P5: 216 | R5: SUM OF CNT | T5: =SUM(P:P) -> 24406
A6: 930 | B6: 40585 | C6: 1 | D6: 0 | E6: 2 | F6: 8 | G6: FALSE | H6: 5 | I6: 1 | J6: 0.1 | K6: 0.1212 | L6: 0.74 | M6: 0.1642 | N6: 4 | O6: 212 | P6: 216 | R6: SUM OF CASUAL | T6: =SUM(N:N) -> 2175
A7: 939 | B7: 40585 | C7: 1 | D7: 0 | E7: 2 | F7: 17 | G7: FALSE | H7: 5 | I7: 1 | J7: 0.3 | K7: 0.3333 | L7: 0.24 | M7: 0 | N7: 18 | O7: 193 | P7: 211 | R7: AVERGAE OF CNT | T7: =AVERAGE(P:P) -> 62.579487
A8: 775 | B8: 40578 | C8: 1 | D8: 0 | E8: 2 | F8: 17 | G8: FALSE | H8: 5 | I8: 2 | J8: 0.26 | K8: 0.2727 | L8: 0.56 | M8: 0.1343 | N8: 10 | O8: 195 | P8: 205 | R8: COUNT
A9: 885 | B9: 40583 | C9: 1 | D9: 0 | E9: 2 | F9: 8 | G9: FALSE | H9: 3 | I9: 1 | J9: 0.1 | K9: 0.1364 | L9: 0.42 | M9: 0 | N9: 1 | O9: 198 | P9: 199 | R9: COUNTIF( HOLIDAY TRUE) | T9: =COUNTIF(G2:G391,FALSE) -> 390
A10: 729 | B10: 40576 | C10: 1 | D10: 0 | E10: 2 | F10: 17 | G10: FALSE | H10: 3 | I10: 1 | J10: 0.36 | K10: 0.3182 | L10: 0.53 | M10: 0.5224 | N10: 7 | O10: 183 | P10: 190
A11: 743 | B11: 40577 | C11: 1 | D11: 0 | E11: 2 | F11: 8 | G11: FALSE | H11: 4 | I11: 1 | J11: 0.14 | K11: 0.1212 | L11: 0.5 | M11: 0.3582 | N11: 4 | O11: 184 | P11: 188
A12: 673 | B12: 40574 | C12: 1 | D12: 0 | E12: 1 | F12: 8 | G12: FALSE | H12: 1 | I12: 2 | J12: 0.16 | K12: 0.1364 | L12: 0.59 | M12: 0.2836 | N12: 3 | O12: 182 | P12: 185 | R12: TEXT Functions on dteday
A13: 730 | B13: 40576 | C13: 1 | D13: 0 | E13: 2 | F13: 18 | G13: FALSE | H13: 3 | I13: 1 | J13: 0.34 | K13: 0.2879 | L13: 0.42 | M13: 0.5522 | N13: 7 | O13: 175 | P13: 182
A14: 819 | B14: 40580 | C14: 1 | D14: 0 | E14: 2 | F14: 13 | G14: FALSE | H14: 0 | I14: 1 | J14: 0.34 | K14: 0.3636 | L14: 0.46 | M14: 0 | N14: 47 | O14: 135 | P14: 182 | R14: Sample dteday | U14: 40571
A15: 821 | B15: 40580 | C15: 1 | D15: 0 | E15: 2 | F15: 15 | G15: FALSE | H15: 0 | I15: 1 | J15: 0.34 | K15: 0.3485 | L15: 0.46 | M15: 0.0896 | N15: 52 | O15: 130 | P15: 182 | R15: LEFT(dteday,2) – Day | U15: =LEFT(B2,2) -> 40
A16: 908 | B16: 40584 | C16: 1 | D16: 0 | E16: 2 | F16: 8 | G16: FALSE | H16: 4 | I16: 1 | J16: 0.1 | K16: 0.0758 | L16: 0.49 | M16: 0.3284 | N16: 5 | O16: 173 | P16: 178 | R16: RIGHT(dteday,4) – Year | U16: =RIGHT(B2,2) -> 82
A17: 705 | B17: 40575 | C17: 1 | D17: 0 | E17: 2 | F17: 17 | G17: FALSE | H17: 2 | I17: 2 | J17: 0.24 | K17: 0.2879 | L17: 0.75 | M17: 0 | N17: 4 | O17: 172 | P17: 176 | R17: LEN(dteday) – Characters in date string | U17: =LEN(B2) -> 5
A18: 871 | B18: 40582 | C18: 1 | D18: 0 | E18: 2 | F18: 17 | G18: FALSE | H18: 2 | I18: 1 | J18: 0.22 | K18: 0.1818 | L18: 0.32 | M18: 0.5821 | N18: 4 | O18: 172 | P18: 176 | R18: mid(dtedy2,2) | U18: =MID(B2,2,2) -> 05
A19: 752 | B19: 40577 | C19: 1 | D19: 0 | E19: 2 | F19: 17 | G19: FALSE | H19: 4 | I19: 1 | J19: 0.2 | K19: 0.197 | L19: 0.4 | M19: 0.194 | N19: 5 | O19: 170 | P19: 175
A20: 848 | B20: 40581 | C20: 1 | D20: 0 | E20: 2 | F20: 18 | G20: FALSE | H20: 1 | I20: 2 | J20: 0.34 | K20: 0.3333 | L20: 0.66 | M20: 0.1343 | N20: 5 | O20: 170 | P20: 175 | R20: Conditional Formatting (Coloring Data)
A21: 818 | B21: 40580 | C21: 1 | D21: 0 | E21: 2 | F21: 12 | G21: FALSE | H21: 0 | I21: 1 | J21: 0.34 | K21: 0.3333 | L21: 0.46 | M21: 0 | N21: 48 | O21: 126 | P21: 174 | S21: weathersit = 3 → Red color (bad weather)
A22: 940 | B22: 40585 | C22: 1 | D22: 0 | E22: 2 | F22: 18 | G22: FALSE | H22: 5 | I22: 1 | J22: 0.28 | K22: 0.3182 | L22: 0.28 | M22: 0 | N22: 9 | O22: 165 | P22: 174 | S22: High temp → Red color
A23: 961 | B23: 40586 | C23: 1 | D23: 0 | E23: 2 | F23: 15 | G23: FALSE | H23: 6 | I23: 1 | J23: 0.34 | K23: 0.303 | L23: 0.29 | M23: 0.4179 | N23: 47 | O23: 127 | P23: 174 | S23: shoreted by cnt higest to lowsest to finding & Top 15 with color
A24: 895 | B24: 40583 | C24: 1 | D24: 0 | E24: 2 | F24: 18 | G24: FALSE | H24: 3 | I24: 2 | J24: 0.18 | K24: 0.1667 | L24: 0.47 | M24: 0.2985 | N24: 2 | O24: 168 | P24: 170
A25: 706 | B25: 40575 | C25: 1 | D25: 0 | E25: 2 | F25: 18 | G25: FALSE | H25: 2 | I25: 2 | J25: 0.24 | K25: 0.2576 | L25: 0.81 | M25: 0.1045 | N25: 3 | O25: 165 | P25: 168
A26: 894 | B26: 40583 | C26: 1 | D26: 0 | E26: 2 | F26: 17 | G26: FALSE | H26: 3 | I26: 2 | J26: 0.2 | K26: 0.197 | L26: 0.34 | M26: 0.2537 | N26: 9 | O26: 157 | P26: 166
A27: 917 | B27: 40584 | C27: 1 | D27: 0 | E27: 2 | F27: 17 | G27: FALSE | H27: 4 | I27: 1 | J27: 0.18 | K27: 0.1818 | L27: 0.26 | M27: 0.194 | N27: 6 | O27: 159 | P27: 165
A28: 984 | B28: 40587 | C28: 1 | D28: 0 | E28: 2 | F28: 15 | G28: FALSE | H28: 0 | I28: 2 | J28: 0.4 | K28: 0.4091 | L28: 0.3 | M28: 0.2985 | N28: 40 | O28: 122 | P28: 162
A29: 682 | B29: 40574 | C29: 1 | D29: 0 | E29: 1 | F29: 17 | G29: FALSE | H29: 1 | I29: 2 | J29: 0.16 | K29: 0.1515 | L29: 0.59 | M29: 0.194 | N29: 6 | O29: 155 | P29: 161
A30: 820 | B30: 40580 | C30: 1 | D30: 0 | E30: 2 | F30: 14 | G30: FALSE | H30: 0 | I30: 1 | J30: 0.34 | K30: 0.3485 | L30: 0.46 | M30: 0.0896 | N30: 47 | O30: 114 | P30: 161
A31: 983 | B31: 40587 | C31: 1 | D31: 0 | E31: 2 | F31: 14 | G31: FALSE | H31: 0 | I31: 2 | J31: 0.4 | K31: 0.4091 | L31: 0.3 | M31: 0.4179 | N31: 51 | O31: 110 | P31: 161
A32: 918 | B32: 40584 | C32: 1 | D32: 0 | E32: 2 | F32: 18 | G32: FALSE | H32: 4 | I32: 1 | J32: 0.16 | K32: 0.1818 | L32: 0.28 | M32: 0.1343 | N32: 3 | O32: 157 | P32: 160
A33: 822 | B33: 40580 | C33: 1 | D33: 0 | E33: 2 | F33: 16 | G33: FALSE | H33: 0 | I33: 1 | J33: 0.34 | K33: 0.3485 | L33: 0.49 | M33: 0.1045 | N33: 42 | O33: 115 | P33: 157
A34: 683 | B34: 40574 | C34: 1 | D34: 0 | E34: 1 | F34: 18 | G34: FALSE | H34: 1 | I34: 2 | J34: 0.16 | K34: 0.1515 | L34: 0.55 | M34: 0.2239 | N34: 3 | O34: 153 | P34: 156
A35: 720 | B35: 40576 | C35: 1 | D35: 0 | E35: 2 | F35: 8 | G35: FALSE | H35: 3 | I35: 3 | J35: 0.22 | K35: 0.2121 | L35: 0.93 | M35: 0.2239 | N35: 1 | O35: 154 | P35: 155
... A391: 951 | B391: 40586 | C391: 1 | D391: 0 | E391: 2 | F391: 5 | G391: FALSE | H391: 6 | I391: 1 | J391: 0.12 | K391: 0.1667 | L391: 0.74 | M391: 0.0896 | N391: 0 | O391: 1 | P391: 1

Sheet clean data
A1: instant | B1: dteday | C1: mnth | D1: hr | E1: holiday | F1: weekday | G1: weathersit | H1: temp | I1: atemp | J1: hum | K1: windspeed | L1: casual | M1: registered | N1: cnt | O1: weather_category | P1: Week_days | Q1: week_type | R1: Time period | S1: temp_cat | T1: rolling_mean_24h | U1: rolling_std_24h | V1: zscore_24h | W1: Anomaly_flag
A2: 1 | B2: 40544 | C2: 1 | D2: 0 | E2: FALSE | F2: 6 | G2: 1 | H2: 0.24 | I2: 0.2879 | J2: 0.81 | K2: 0 | L2: 3 | M2: 13 | N2: 16 | O2: =VLOOKUP(G2,calculate_field!$B$2:$C$5,2,FALSE) -> Clear/Partly Cloudy | P2: =CHOOSE(F2+1,"Sunday","Monday","Tuesday","Wednesday","Thursday","Friday","Saturday") -> Saturday | Q2: =IF(OR(F2=0,F2=6),"Weekend","Weekday") -> Weekend | R2: =IF(D2<6,"Night",IF(D2<12,"Morning",IF(D2<17,"Afternoon",IF(D2<21,"Evening","Night")))) -> Night | S2: =INDEX(calculate_field!$F$2:$F$4, MATCH(H2, calculate_field!$E$2:$E$4, 1)) -> Mild | T2: =AVERAGE(N2:N25) -> 41.041667 | U2: =_xlfn.STDEV.S(N2:N25) -> 34.292196 | V2: =(N25-T25)/U25 -> 0.13725505 | W2: =IFERROR(ABS(V18)>1.5,FALSE) -> FALSE
A3: 2 | B3: 40544 | C3: 1 | D3: 1 | E3: FALSE | F3: 6 | G3: 1 | H3: 0.22 | I3: 0.2727 | J3: 0.8 | K3: 0 | L3: 8 | M3: 32 | N3: 40 | O3: =VLOOKUP(G3,calculate_field!$B$2:$C$5,2,FALSE) -> Clear/Partly Cloudy | P3: =CHOOSE(F3+1,"Sunday","Monday","Tuesday","Wednesday","Thursday","Friday","Saturday") -> Saturday | Q3: =IF(OR(F3=0,F3=6),"Weekend","Weekday") -> Weekend | R3: =IF(D3<6,"Night",IF(D3<12,"Morning",IF(D3<17,"Afternoon",IF(D3<21,"Evening","Night")))) -> Night | S3: =INDEX(calculate_field!$F$2:$F$4, MATCH(H3, calculate_field!$E$2:$E$4, 1)) -> Mild | T3: =AVERAGE(N3:N26) -> 41.083333 | U3: =_xlfn.STDEV.S(N3:N26) -> 34.26104 | V3: =(N26-T26)/U26 -> -0.55723965 | W3: =IFERROR(ABS(V19)>1.5,FALSE) -> FALSE
A4: 3 | B4: 40544 | C4: 1 | D4: 2 | E4: FALSE | F4: 6 | G4: 1 | H4: 0.22 | I4: 0.2727 | J4: 0.8 | K4: 0 | L4: 5 | M4: 27 | N4: 32 | O4: =VLOOKUP(G4,calculate_field!$B$2:$C$5,2,FALSE) -> Clear/Partly Cloudy | P4: =CHOOSE(F4+1,"Sunday","Monday","Tuesday","Wednesday","Thursday","Friday","Saturday") -> Saturday | Q4: =IF(OR(F4=0,F4=6),"Weekend","Weekday") -> Weekend | R4: =IF(D4<6,"Night",IF(D4<12,"Morning",IF(D4<17,"Afternoon",IF(D4<21,"Evening","Night")))) -> Night | S4: =INDEX(calculate_field!$F$2:$F$4, MATCH(H4, calculate_field!$E$2:$E$4, 1)) -> Mild | T4: =AVERAGE(N4:N27) -> 40.125 | U4: =_xlfn.STDEV.S(N4:N27) -> 34.612529 | V4: =(N27-T27)/U27 -> -0.52709109 | W4: =IFERROR(ABS(V20)>1.5,FALSE) -> FALSE
A5: 4 | B5: 40544 | C5: 1 | D5: 3 | E5: FALSE | F5: 6 | G5: 1 | H5: 0.24 | I5: 0.2879 | J5: 0.75 | K5: 0 | L5: 3 | M5: 10 | N5: 13 | O5: =VLOOKUP(G5,calculate_field!$B$2:$C$5,2,FALSE) -> Clear/Partly Cloudy | P5: =CHOOSE(F5+1,"Sunday","Monday","Tuesday","Wednesday","Thursday","Friday","Saturday") -> Saturday | Q5: =IF(OR(F5=0,F5=6),"Weekend","Weekday") -> Weekend | R5: =IF(D5<6,"Night",IF(D5<12,"Morning",IF(D5<17,"Afternoon",IF(D5<21,"Evening","Night")))) -> Night | S5: =INDEX(calculate_field!$F$2:$F$4, MATCH(H5, calculate_field!$E$2:$E$4, 1)) -> Mild | T5: =AVERAGE(N5:N28) -> 39.166667 | U5: =_xlfn.STDEV.S(N5:N28) -> 35.161326 | V5: =(N28-T28)/U28 -> -0.75587246 | W5: =IFERROR(ABS(V21)>1.5,FALSE) -> FALSE
A6: 5 | B6: 40544 | C6: 1 | D6: 4 | E6: FALSE | F6: 6 | G6: 1 | H6: 0.24 | I6: 0.2879 | J6: 0.75 | K6: 0 | L6: 0 | M6: 1 | N6: 1 | O6: =VLOOKUP(G6,calculate_field!$B$2:$C$5,2,FALSE) -> Clear/Partly Cloudy | P6: =CHOOSE(F6+1,"Sunday","Monday","Tuesday","Wednesday","Thursday","Friday","Saturday") -> Saturday | Q6: =IF(OR(F6=0,F6=6),"Weekend","Weekday") -> Weekend | R6: =IF(D6<6,"Night",IF(D6<12,"Morning",IF(D6<17,"Afternoon",IF(D6<21,"Evening","Night")))) -> Night | S6: =INDEX(calculate_field!$F$2:$F$4, MATCH(H6, calculate_field!$E$2:$E$4, 1)) -> Mild | T6: =AVERAGE(N6:N29) -> 38.875 | U6: =_xlfn.STDEV.S(N6:N29) -> 35.415929 | V6: =(N29-T29)/U29 -> -0.839106 | W6: =IFERROR(ABS(V22)>1.5,FALSE) -> FALSE
A7: 6 | B7: 40544 | C7: 1 | D7: 5 | E7: FALSE | F7: 6 | G7: 2 | H7: 0.24 | I7: 0.2576 | J7: 0.75 | K7: 0.0896 | L7: 0 | M7: 1 | N7: 1 | O7: =VLOOKUP(G7,calculate_field!$B$2:$C$5,2,FALSE) -> Mist / cloudy | P7: =CHOOSE(F7+1,"Sunday","Monday","Tuesday","Wednesday","Thursday","Friday","Saturday") -> Saturday | Q7: =IF(OR(F7=0,F7=6),"Weekend","Weekday") -> Weekend | R7: =IF(D7<6,"Night",IF(D7<12,"Morning",IF(D7<17,"Afternoon",IF(D7<21,"Evening","Night")))) -> Night | S7: =INDEX(calculate_field!$F$2:$F$4, MATCH(H7, calculate_field!$E$2:$E$4, 1)) -> Mild | T7: =AVERAGE(N7:N30) -> 38.958333 | U7: =_xlfn.STDEV.S(N7:N30) -> 35.325172 | V7: =(N30-T30)/U30 -> -0.98361265 | W7: =IFERROR(ABS(V23)>1.5,FALSE) -> FALSE
A8: 7 | B8: 40544 | C8: 1 | D8: 6 | E8: FALSE | F8: 6 | G8: 1 | H8: 0.22 | I8: 0.2727 | J8: 0.8 | K8: 0 | L8: 2 | M8: 0 | N8: 2 | O8: =VLOOKUP(G8,calculate_field!$B$2:$C$5,2,FALSE) -> Clear/Partly Cloudy | P8: =CHOOSE(F8+1,"Sunday","Monday","Tuesday","Wednesday","Thursday","Friday","Saturday") -> Saturday | Q8: =IF(OR(F8=0,F8=6),"Weekend","Weekday") -> Weekend | R8: =IF(D8<6,"Night",IF(D8<12,"Morning",IF(D8<17,"Afternoon",IF(D8<21,"Evening","Night")))) -> Morning | S8: =INDEX(calculate_field!$F$2:$F$4, MATCH(H8, calculate_field!$E$2:$E$4, 1)) -> Mild | T8: =AVERAGE(N8:N31) -> 39 | U8: =_xlfn.STDEV.S(N8:N31) -> 35.279012 | V8: =(N31-T31)/U31 -> -1.1021215 | W8: =IFERROR(ABS(V24)>1.5,FALSE) -> FALSE
A9: 8 | B9: 40544 | C9: 1 | D9: 7 | E9: FALSE | F9: 6 | G9: 1 | H9: 0.2 | I9: 0.2576 | J9: 0.86 | K9: 0 | L9: 1 | M9: 2 | N9: 3 | O9: =VLOOKUP(G9,calculate_field!$B$2:$C$5,2,FALSE) -> Clear/Partly Cloudy | P9: =CHOOSE(F9+1,"Sunday","Monday","Tuesday","Wednesday","Thursday","Friday","Saturday") -> Saturday | Q9: =IF(OR(F9=0,F9=6),"Weekend","Weekday") -> Weekend | R9: =IF(D9<6,"Night",IF(D9<12,"Morning",IF(D9<17,"Afternoon",IF(D9<21,"Evening","Night")))) -> Morning | S9: =INDEX(calculate_field!$F$2:$F$4, MATCH(H9, calculate_field!$E$2:$E$4, 1)) -> Mild | T9: =AVERAGE(N9:N32) -> 38.958333 | U9: =_xlfn.STDEV.S(N9:N32) -> 35.325172 | V9: =(N32-T32)/U32 -> -1.0755272 | W9: =IFERROR(ABS(V25)>1.5,FALSE) -> FALSE
A10: 9 | B10: 40544 | C10: 1 | D10: 8 | E10: FALSE | F10: 6 | G10: 1 | H10: 0.24 | I10: =IF(I2="", _xlfn.MODE.SNGL($I$2:$I$1000), I2) -> 0.2879 | J10: 0.75 | K10: 0 | L10: 1 | M10: 7 | N10: 8 | O10: =VLOOKUP(G10,calculate_field!$B$2:$C$5,2,FALSE) -> Clear/Partly Cloudy | P10: =CHOOSE(F10+1,"Sunday","Monday","Tuesday","Wednesday","Thursday","Friday","Saturday") -> Saturday | Q10: =IF(OR(F10=0,F10=6),"Weekend","Weekday") -> Weekend | R10: =IF(D10<6,"Night",IF(D10<12,"Morning",IF(D10<17,"Afternoon",IF(D10<21,"Evening","Night")))) -> Morning | S10: =INDEX(calculate_field!$F$2:$F$4, MATCH(H10, calculate_field!$E$2:$E$4, 1)) -> Mild | T10: =AVERAGE(N10:N33) -> 39.166667 | U10: =_xlfn.STDEV.S(N10:N33) -> 35.11802 | V10: =(N33-T33)/U33 -> -0.98483057 | W10: =IFERROR(ABS(V26)>1.5,FALSE) -> FALSE
A11: 10 | B11: 40544 | C11: 1 | D11: 9 | E11: FALSE | F11: 6 | G11: 1 | H11: 0.32 | I11: 0.3485 | J11: 0.76 | K11: 0 | L11: 8 | M11: 6 | N11: 14 | O11: =VLOOKUP(G11,calculate_field!$B$2:$C$5,2,FALSE) -> Clear/Partly Cloudy | P11: =CHOOSE(F11+1,"Sunday","Monday","Tuesday","Wednesday","Thursday","Friday","Saturday") -> Saturday | Q11: =IF(OR(F11=0,F11=6),"Weekend","Weekday") -> Weekend | R11: =IF(D11<6,"Night",IF(D11<12,"Morning",IF(D11<17,"Afternoon",IF(D11<21,"Evening","Night")))) -> Morning | S11: =INDEX(calculate_field!$F$2:$F$4, MATCH(H11, calculate_field!$E$2:$E$4, 1)) -> Warm | T11: =AVERAGE(N11:N34) -> 39.666667 | U11: =_xlfn.STDEV.S(N11:N34) -> 34.73836 | V11: =(N34-T34)/U34 -> -0.72541658 | W11: =IFERROR(ABS(V27)>1.5,FALSE) -> FALSE
A12: 11 | B12: 40544 | C12: 1 | D12: 10 | E12: FALSE | F12: 6 | G12: 1 | H12: 0.38 | I12: 0.3939 | J12: 0.76 | K12: 0.2537 | L12: 12 | M12: 24 | N12: 36 | O12: =VLOOKUP(G12,calculate_field!$B$2:$C$5,2,FALSE) -> Clear/Partly Cloudy | P12: =CHOOSE(F12+1,"Sunday","Monday","Tuesday","Wednesday","Thursday","Friday","Saturday") -> Saturday | Q12: =IF(OR(F12=0,F12=6),"Weekend","Weekday") -> Weekend | R12: =IF(D12<6,"Night",IF(D12<12,"Morning",IF(D12<17,"Afternoon",IF(D12<21,"Evening","Night")))) -> Morning | S12: =INDEX(calculate_field!$F$2:$F$4, MATCH(H12, calculate_field!$E$2:$E$4, 1)) -> Warm | T12: =AVERAGE(N12:N35) -> 41.291667 | U12: =_xlfn.STDEV.S(N12:N35) -> 34.396005 | V12: =(N35-T35)/U35 -> 0.12669407 | W12: =IFERROR(ABS(V28)>1.5,FALSE) -> FALSE
A13: 12 | B13: 40544 | C13: 1 | D13: 11 | E13: FALSE | F13: 6 | G13: 1 | H13: 0.36 | I13: 0.3333 | J13: 0.81 | K13: 0.2836 | L13: 26 | M13: 30 | N13: 56 | O13: =VLOOKUP(G13,calculate_field!$B$2:$C$5,2,FALSE) -> Clear/Partly Cloudy | P13: =CHOOSE(F13+1,"Sunday","Monday","Tuesday","Wednesday","Thursday","Friday","Saturday") -> Saturday | Q13: =IF(OR(F13=0,F13=6),"Weekend","Weekday") -> Weekend | R13: =IF(D13<6,"Night",IF(D13<12,"Morning",IF(D13<17,"Afternoon",IF(D13<21,"Evening","Night")))) -> Morning | S13: =INDEX(calculate_field!$F$2:$F$4, MATCH(H13, calculate_field!$E$2:$E$4, 1)) -> Warm | T13: =AVERAGE(N13:N36) -> 42.708333 | U13: =_xlfn.STDEV.S(N13:N36) -> 34.865554 | V13: =(N36-T36)/U36 -> 0.57791492 | W13: =IFERROR(ABS(V29)>1.5,FALSE) -> FALSE
A14: 13 | B14: 40544 | C14: 1 | D14: 12 | E14: FALSE | F14: 6 | G14: 1 | H14: 0.42 | I14: 0.4242 | J14: 0.77 | K14: 0.2836 | L14: 29 | M14: 55 | N14: 84 | O14: =VLOOKUP(G14,calculate_field!$B$2:$C$5,2,FALSE) -> Clear/Partly Cloudy | P14: =CHOOSE(F14+1,"Sunday","Monday","Tuesday","Wednesday","Thursday","Friday","Saturday") -> Saturday | Q14: =IF(OR(F14=0,F14=6),"Weekend","Weekday") -> Weekend | R14: =IF(D14<6,"Night",IF(D14<12,"Morning",IF(D14<17,"Afternoon",IF(D14<21,"Evening","Night")))) -> Afternoon | S14: =INDEX(calculate_field!$F$2:$F$4, MATCH(H14, calculate_field!$E$2:$E$4, 1)) -> Warm | T14: =AVERAGE(N14:N37) -> 44.25 | U14: =_xlfn.STDEV.S(N14:N37) -> 36.268623 | V14: =(N37-T37)/U37 -> 1.2171015 | W14: =IFERROR(ABS(V30)>1.5,FALSE) -> FALSE
A15: 14 | B15: 40544 | C15: 1 | D15: 13 | E15: FALSE | F15: 6 | G15: 2 | H15: 0.46 | I15: 0.4545 | J15: 0.72 | K15: 0.2985 | L15: 47 | M15: 47 | N15: 94 | O15: =VLOOKUP(G15,calculate_field!$B$2:$C$5,2,FALSE) -> Mist / cloudy | P15: =CHOOSE(F15+1,"Sunday","Monday","Tuesday","Wednesday","Thursday","Friday","Saturday") -> Saturday | Q15: =IF(OR(F15=0,F15=6),"Weekend","Weekday") -> Weekend | R15: =IF(D15<6,"Night",IF(D15<12,"Morning",IF(D15<17,"Afternoon",IF(D15<21,"Evening","Night")))) -> Afternoon | S15: =INDEX(calculate_field!$F$2:$F$4, MATCH(H15, calculate_field!$E$2:$E$4, 1)) -> Warm | T15: =AVERAGE(N15:N38) -> 43.875 | U15: =_xlfn.STDEV.S(N15:N38) -> 35.884249 | V15: =(N38-T38)/U38 -> 0.75988629 | W15: =IFERROR(ABS(V31)>1.5,FALSE) -> FALSE
A16: 15 | B16: 40544 | C16: 1 | D16: 14 | E16: FALSE | F16: 6 | G16: 2 | H16: 0.46 | I16: 0.4545 | J16: 0.72 | K16: 0.2836 | L16: 35 | M16: 71 | N16: 106 | O16: =VLOOKUP(G16,calculate_field!$B$2:$C$5,2,FALSE) -> Mist / cloudy | P16: =CHOOSE(F16+1,"Sunday","Monday","Tuesday","Wednesday","Thursday","Friday","Saturday") -> Saturday | Q16: =IF(OR(F16=0,F16=6),"Weekend","Weekday") -> Weekend | R16: =IF(D16<6,"Night",IF(D16<12,"Morning",IF(D16<17,"Afternoon",IF(D16<21,"Evening","Night")))) -> Afternoon | S16: =INDEX(calculate_field!$F$2:$F$4, MATCH(H16, calculate_field!$E$2:$E$4, 1)) -> Warm | T16: =AVERAGE(N16:N39) -> 42.416667 | U16: =_xlfn.STDEV.S(N16:N39) -> 34.44077 | V16: =(N39-T39)/U39 -> 0.32005706 | W16: =IFERROR(ABS(V32)>1.5,FALSE) -> TRUE
A17: 16 | B17: 40544 | C17: 1 | D17: 15 | E17: FALSE | F17: 6 | G17: 2 | H17: 0.44 | I17: 0.4394 | J17: 0.77 | K17: 0.2985 | L17: 40 | M17: 70 | N17: 110 | O17: =VLOOKUP(G17,calculate_field!$B$2:$C$5,2,FALSE) -> Mist / cloudy | P17: =CHOOSE(F17+1,"Sunday","Monday","Tuesday","Wednesday","Thursday","Friday","Saturday") -> Saturday | Q17: =IF(OR(F17=0,F17=6),"Weekend","Weekday") -> Weekend | R17: =IF(D17<6,"Night",IF(D17<12,"Morning",IF(D17<17,"Afternoon",IF(D17<21,"Evening","Night")))) -> Afternoon | S17: =INDEX(calculate_field!$F$2:$F$4, MATCH(H17, calculate_field!$E$2:$E$4, 1)) -> Warm | T17: =AVERAGE(N17:N40) -> 41.083333 | U17: =_xlfn.STDEV.S(N17:N40) -> 32.433097 | V17: =(N40-T40)/U40 -> 0.70986937 | W17: =IFERROR(ABS(V33)>1.5,FALSE) -> FALSE
A18: 17 | B18: 40544 | C18: 1 | D18: 16 | E18: FALSE | F18: 6 | G18: 2 | H18: 0.42 | I18: 0.4242 | J18: 0.82 | K18: 0.2985 | L18: 41 | M18: 52 | N18: 93 | O18: =VLOOKUP(G18,calculate_field!$B$2:$C$5,2,FALSE) -> Mist / cloudy | P18: =CHOOSE(F18+1,"Sunday","Monday","Tuesday","Wednesday","Thursday","Friday","Saturday") -> Saturday | Q18: =IF(OR(F18=0,F18=6),"Weekend","Weekday") -> Weekend | R18: =IF(D18<6,"Night",IF(D18<12,"Morning",IF(D18<17,"Afternoon",IF(D18<21,"Evening","Night")))) -> Afternoon | S18: =INDEX(calculate_field!$F$2:$F$4, MATCH(H18, calculate_field!$E$2:$E$4, 1)) -> Warm | T18: =AVERAGE(N18:N41) -> 39.666667 | U18: =_xlfn.STDEV.S(N18:N41) -> 29.938584 | V18: =(N41-T41)/U41 -> 0.57461653 | W18: =IFERROR(ABS(V34)>1.5,FALSE) -> FALSE
A19: 18 | B19: 40544 | C19: 1 | D19: 17 | E19: FALSE | F19: 6 | G19: 2 | H19: 0.44 | I19: =IF(I2="", _xlfn.MODE.SNGL($I$2:$I$1000), I2) -> 0.2879 | J19: 0.82 | K19: 0.2836 | L19: 15 | M19: 52 | N19: 67 | O19: =VLOOKUP(G19,calculate_field!$B$2:$C$5,2,FALSE) -> Mist / cloudy | P19: =CHOOSE(F19+1,"Sunday","Monday","Tuesday","Wednesday","Thursday","Friday","Saturday") -> Saturday | Q19: =IF(OR(F19=0,F19=6),"Weekend","Weekday") -> Weekend | R19: =IF(D19<6,"Night",IF(D19<12,"Morning",IF(D19<17,"Afternoon",IF(D19<21,"Evening","Night")))) -> Evening | S19: =INDEX(calculate_field!$F$2:$F$4, MATCH(H19, calculate_field!$E$2:$E$4, 1)) -> Warm | T19: =AVERAGE(N19:N42) -> 38.5 | U19: =_xlfn.STDEV.S(N19:N42) -> 28.268895 | V19: =(N42-T42)/U42 -> 0.21050023 | W19: =IFERROR(ABS(V35)>1.5,FALSE) -> FALSE
A20: 19 | B20: 40544 | C20: 1 | D20: 18 | E20: FALSE | F20: 6 | G20: 3 | H20: 0.42 | I20: 0.4242 | J20: 0.88 | K20: 0.2537 | L20: 9 | M20: 26 | N20: 35 | O20: =VLOOKUP(G20,calculate_field!$B$2:$C$5,2,FALSE) -> Light Snow / Rain | P20: =CHOOSE(F20+1,"Sunday","Monday","Tuesday","Wednesday","Thursday","Friday","Saturday") -> Saturday | Q20: =IF(OR(F20=0,F20=6),"Weekend","Weekday") -> Weekend | R20: =IF(D20<6,"Night",IF(D20<12,"Morning",IF(D20<17,"Afternoon",IF(D20<21,"Evening","Night")))) -> Evening | S20: =INDEX(calculate_field!$F$2:$F$4, MATCH(H20, calculate_field!$E$2:$E$4, 1)) -> Warm | T20: =AVERAGE(N20:N43) -> 37.916667 | U20: =_xlfn.STDEV.S(N20:N43) -> 27.795709 | V20: =(N43-T43)/U43 -> -0.080599676 | W20: =IFERROR(ABS(V36)>1.5,FALSE) -> FALSE
A21: 20 | B21: 40544 | C21: 1 | D21: 19 | E21: FALSE | F21: 6 | G21: 3 | H21: 0.42 | I21: 0.4242 | J21: 0.88 | K21: 0.2537 | L21: 6 | M21: 31 | N21: 37 | O21: =VLOOKUP(G21,calculate_field!$B$2:$C$5,2,FALSE) -> Light Snow / Rain | P21: =CHOOSE(F21+1,"Sunday","Monday","Tuesday","Wednesday","Thursday","Friday","Saturday") -> Saturday | Q21: =IF(OR(F21=0,F21=6),"Weekend","Weekday") -> Weekend | R21: =IF(D21<6,"Night",IF(D21<12,"Morning",IF(D21<17,"Afternoon",IF(D21<21,"Evening","Night")))) -> Evening | S21: =INDEX(calculate_field!$F$2:$F$4, MATCH(H21, calculate_field!$E$2:$E$4, 1)) -> Warm | T21: =AVERAGE(N21:N44) -> 37.708333 | U21: =_xlfn.STDEV.S(N21:N44) -> 27.837227 | V21: =(N44-T44)/U44 -> -0.55300621 | W21: =IFERROR(ABS(V37)>1.5,FALSE) -> FALSE
A22: 21 | B22: 40544 | C22: 1 | D22: 20 | E22: FALSE | F22: 6 | G22: 2 | H22: 0.4 | I22: 0.4091 | J22: 0.87 | K22: 0.2537 | L22: 11 | M22: 25 | N22: 36 | O22: =VLOOKUP(G22,calculate_field!$B$2:$C$5,2,FALSE) -> Mist / cloudy | P22: =CHOOSE(F22+1,"Sunday","Monday","Tuesday","Wednesday","Thursday","Friday","Saturday") -> Saturday | Q22: =IF(OR(F22=0,F22=6),"Weekend","Weekday") -> Weekend | R22: =IF(D22<6,"Night",IF(D22<12,"Morning",IF(D22<17,"Afternoon",IF(D22<21,"Evening","Night")))) -> Evening | S22: =INDEX(calculate_field!$F$2:$F$4, MATCH(H22, calculate_field!$E$2:$E$4, 1)) -> Warm | T22: =AVERAGE(N22:N45) -> 37.083333 | U22: =_xlfn.STDEV.S(N22:N45) -> 28.021601 | V22: =(N45-T45)/U45 -> -0.741405 | W22: =IFERROR(ABS(V38)>1.5,FALSE) -> FALSE
A23: 22 | B23: 40544 | C23: 1 | D23: 21 | E23: FALSE | F23: 6 | G23: 2 | H23: 0.4 | I23: 0.4091 | J23: 0.87 | K23: 0.194 | L23: 3 | M23: 31 | N23: 34 | O23: =VLOOKUP(G23,calculate_field!$B$2:$C$5,2,FALSE) -> Mist / cloudy | P23: =CHOOSE(F23+1,"Sunday","Monday","Tuesday","Wednesday","Thursday","Friday","Saturday") -> Saturday | Q23: =IF(OR(F23=0,F23=6),"Weekend","Weekday") -> Weekend | R23: =IF(D23<6,"Night",IF(D23<12,"Morning",IF(D23<17,"Afternoon",IF(D23<21,"Evening","Night")))) -> Night | S23: =INDEX(calculate_field!$F$2:$F$4, MATCH(H23, calculate_field!$E$2:$E$4, 1)) -> Warm | T23: =AVERAGE(N23:N46) -> 36.875 | U23: =_xlfn.STDEV.S(N23:N46) -> 28.04858 | V23: =(N46-T46)/U46 -> -0.5524916 | W23: =IFERROR(ABS(V39)>1.5,FALSE) -> FALSE
A24: 23 | B24: 40544 | C24: 1 | D24: 22 | E24: FALSE | F24: 6 | G24: 2 | H24: 0.4 | I24: 0.4091 | J24: 0.94 | K24: 0.2239 | L24: 11 | M24: 17 | N24: 28 | O24: =VLOOKUP(G24,calculate_field!$B$2:$C$5,2,FALSE) -> Mist / cloudy | P24: =CHOOSE(F24+1,"Sunday","Monday","Tuesday","Wednesday","Thursday","Friday","Saturday") -> Saturday | Q24: =IF(OR(F24=0,F24=6),"Weekend","Weekday") -> Weekend | R24: =IF(D24<6,"Night",IF(D24<12,"Morning",IF(D24<17,"Afternoon",IF(D24<21,"Evening","Night")))) -> Night | S24: =INDEX(calculate_field!$F$2:$F$4, MATCH(H24, calculate_field!$E$2:$E$4, 1)) -> Warm | T24: =AVERAGE(N24:N47) -> 35.833333 | U24: =_xlfn.STDEV.S(N24:N47) -> 28.618429 | V24: =(N47-T47)/U47 -> -0.97889468 | W24: =IFERROR(ABS(V40)>1.5,FALSE) -> FALSE
A25: 24 | B25: 40544 | C25: 1 | D25: 23 | E25: FALSE | F25: 6 | G25: 2 | H25: 0.46 | I25: =IF(I8="", _xlfn.MODE.SNGL($I$2:$I$1000), I8) -> 0.2727 | J25: 0.88 | K25: 0.2985 | L25: 15 | M25: 24 | N25: 39 | O25: =VLOOKUP(G25,calculate_field!$B$2:$C$5,2,FALSE) -> Mist / cloudy | P25: =CHOOSE(F25+1,"Sunday","Monday","Tuesday","Wednesday","Thursday","Friday","Saturday") -> Saturday | Q25: =IF(OR(F25=0,F25=6),"Weekend","Weekday") -> Weekend | R25: =IF(D25<6,"Night",IF(D25<12,"Morning",IF(D25<17,"Afternoon",IF(D25<21,"Evening","Night")))) -> Night | S25: =INDEX(calculate_field!$F$2:$F$4, MATCH(H25, calculate_field!$E$2:$E$4, 1)) -> Warm | T25: =AVERAGE(N25:N48) -> 35 | U25: =_xlfn.STDEV.S(N25:N48) -> 29.142827 | V25: =(N48-T48)/U48 -> -0.9923361 | W25: =IFERROR(ABS(V41)>1.5,FALSE) -> FALSE
A26: 25 | B26: 40545 | C26: 1 | D26: 0 | E26: FALSE | F26: 0 | G26: 2 | H26: 0.46 | I26: 0.4545 | J26: 0.88 | K26: 0.2985 | L26: 4 | M26: 13 | N26: 17 | O26: =VLOOKUP(G26,calculate_field!$B$2:$C$5,2,FALSE) -> Mist / cloudy | P26: =CHOOSE(F26+1,"Sunday","Monday","Tuesday","Wednesday","Thursday","Friday","Saturday") -> Sunday | Q26: =IF(OR(F26=0,F26=6),"Weekend","Weekday") -> Weekend | R26: =IF(D26<6,"Night",IF(D26<12,"Morning",IF(D26<17,"Afternoon",IF(D26<21,"Evening","Night")))) -> Night | S26: =INDEX(calculate_field!$F$2:$F$4, MATCH(H26, calculate_field!$E$2:$E$4, 1)) -> Warm | T26: =AVERAGE(N26:N49) -> 33.583333 | U26: =_xlfn.STDEV.S(N26:N49) -> 29.759787 | V26: =(N49-T49)/U49 -> -1.0425127 | W26: =IFERROR(ABS(V42)>1.5,FALSE) -> FALSE
A27: 26 | B27: 40545 | C27: 1 | D27: 1 | E27: FALSE | F27: 0 | G27: 2 | H27: 0.44 | I27: 0.4394 | J27: 0.94 | K27: 0.2537 | L27: 1 | M27: 16 | N27: 17 | O27: =VLOOKUP(G27,calculate_field!$B$2:$C$5,2,FALSE) -> Mist / cloudy | P27: =CHOOSE(F27+1,"Sunday","Monday","Tuesday","Wednesday","Thursday","Friday","Saturday") -> Sunday | Q27: =IF(OR(F27=0,F27=6),"Weekend","Weekday") -> Weekend | R27: =IF(D27<6,"Night",IF(D27<12,"Morning",IF(D27<17,"Afternoon",IF(D27<21,"Evening","Night")))) -> Night | S27: =INDEX(calculate_field!$F$2:$F$4, MATCH(H27, calculate_field!$E$2:$E$4, 1)) -> Warm | T27: =AVERAGE(N27:N50) -> 32.958333 | U27: =_xlfn.STDEV.S(N27:N50) -> 30.276234 | V27: =(N50-T50)/U50 -> -1.0957046 | W27: =IFERROR(ABS(V43)>1.5,FALSE) -> FALSE
A28: 27 | B28: 40545 | C28: 1 | D28: 2 | E28: FALSE | F28: 0 | G28: 2 | H28: 0.42 | I28: 0.4242 | J28: 1 | K28: 0.2836 | L28: 1 | M28: 8 | N28: 9 | O28: =VLOOKUP(G28,calculate_field!$B$2:$C$5,2,FALSE) -> Mist / cloudy | P28: =CHOOSE(F28+1,"Sunday","Monday","Tuesday","Wednesday","Thursday","Friday","Saturday") -> Sunday | Q28: =IF(OR(F28=0,F28=6),"Weekend","Weekday") -> Weekend | R28: =IF(D28<6,"Night",IF(D28<12,"Morning",IF(D28<17,"Afternoon",IF(D28<21,"Evening","Night")))) -> Night | S28: =INDEX(calculate_field!$F$2:$F$4, MATCH(H28, calculate_field!$E$2:$E$4, 1)) -> Warm | T28: =AVERAGE(N28:N51) -> 32.291667 | U28: =_xlfn.STDEV.S(N28:N51) -> 30.814281 | V28: =(N51-T51)/U51 -> -1.1158709 | W28: =IFERROR(ABS(V44)>1.5,FALSE) -> FALSE
A29: 28 | B29: 40545 | C29: 1 | D29: 3 | E29: FALSE | F29: 0 | G29: 2 | H29: 0.46 | I29: 0.4545 | J29: 0.94 | K29: 0.194 | L29: 2 | M29: 4 | N29: 6 | O29: =VLOOKUP(G29,calculate_field!$B$2:$C$5,2,FALSE) -> Mist / cloudy | P29: =CHOOSE(F29+1,"Sunday","Monday","Tuesday","Wednesday","Thursday","Friday","Saturday") -> Sunday | Q29: =IF(OR(F29=0,F29=6),"Weekend","Weekday") -> Weekend | R29: =IF(D29<6,"Night",IF(D29<12,"Morning",IF(D29<17,"Afternoon",IF(D29<21,"Evening","Night")))) -> Night | S29: =INDEX(calculate_field!$F$2:$F$4, MATCH(H29, calculate_field!$E$2:$E$4, 1)) -> Warm | T29: =AVERAGE(N29:N52) -> 32.041667 | U29: =_xlfn.STDEV.S(N29:N52) -> 31.035014 | V29: =(N52-T52)/U52 -> -1.0811544 | W29: =IFERROR(ABS(V45)>1.5,FALSE) -> FALSE
A30: 29 | B30: 40545 | C30: 1 | D30: 4 | E30: FALSE | F30: 0 | G30: 2 | H30: 0.46 | I30: =IF(I13="", _xlfn.MODE.SNGL($I$2:$I$1000), I13) -> 0.3333 | J30: 0.94 | K30: 0.194 | L30: 2 | M30: 1 | N30: 3 | O30: =VLOOKUP(G30,calculate_field!$B$2:$C$5,2,FALSE) -> Mist / cloudy | P30: =CHOOSE(F30+1,"Sunday","Monday","Tuesday","Wednesday","Thursday","Friday","Saturday") -> Sunday | Q30: =IF(OR(F30=0,F30=6),"Weekend","Weekday") -> Weekend | R30: =IF(D30<6,"Night",IF(D30<12,"Morning",IF(D30<17,"Afternoon",IF(D30<21,"Evening","Night")))) -> Night | S30: =INDEX(calculate_field!$F$2:$F$4, MATCH(H30, calculate_field!$E$2:$E$4, 1)) -> Warm | T30: =AVERAGE(N30:N53) -> 33.041667 | U30: =_xlfn.STDEV.S(N30:N53) -> 30.542172 | V30: =(N53-T53)/U53 -> -0.57577218 | W30: =IFERROR(ABS(V46)>1.5,FALSE) -> FALSE
A31: 30 | B31: 40545 | C31: 1 | D31: 6 | E31: FALSE | F31: 0 | G31: 3 | H31: 0.42 | I31: 0.4242 | J31: 0.77 | K31: 0.2985 | L31: 0 | M31: 2 | N31: 2 | O31: =VLOOKUP(G31,calculate_field!$B$2:$C$5,2,FALSE) -> Light Snow / Rain | P31: =CHOOSE(F31+1,"Sunday","Monday","Tuesday","Wednesday","Thursday","Friday","Saturday") -> Sunday | Q31: =IF(OR(F31=0,F31=6),"Weekend","Weekday") -> Weekend | R31: =IF(D31<6,"Night",IF(D31<12,"Morning",IF(D31<17,"Afternoon",IF(D31<21,"Evening","Night")))) -> Morning | S31: =INDEX(calculate_field!$F$2:$F$4, MATCH(H31, calculate_field!$E$2:$E$4, 1)) -> Warm | T31: =AVERAGE(N31:N54) -> 35.583333 | U31: =_xlfn.STDEV.S(N31:N54) -> 30.471536 | V31: =(N54-T54)/U54 -> 0.072159447 | W31: =IFERROR(ABS(V47)>1.5,FALSE) -> FALSE
A32: 31 | B32: 40545 | C32: 1 | D32: 7 | E32: FALSE | F32: 0 | G32: 2 | H32: 0.4 | I32: 0.4091 | J32: 0.76 | K32: 0.194 | L32: 0 | M32: 1 | N32: 1 | O32: =VLOOKUP(G32,calculate_field!$B$2:$C$5,2,FALSE) -> Mist / cloudy | P32: =CHOOSE(F32+1,"Sunday","Monday","Tuesday","Wednesday","Thursday","Friday","Saturday") -> Sunday | Q32: =IF(OR(F32=0,F32=6),"Weekend","Weekday") -> Weekend | R32: =IF(D32<6,"Night",IF(D32<12,"Morning",IF(D32<17,"Afternoon",IF(D32<21,"Evening","Night")))) -> Morning | S32: =INDEX(calculate_field!$F$2:$F$4, MATCH(H32, calculate_field!$E$2:$E$4, 1)) -> Warm | T32: =AVERAGE(N32:N55) -> 41.916667 | U32: =_xlfn.STDEV.S(N32:N55) -> 38.043358 | V32: =(N55-T55)/U55 -> 1.6364037 | W32: =IFERROR(ABS(V48)>1.5,FALSE) -> FALSE
A33: 32 | B33: 40545 | C33: 1 | D33: 8 | E33: FALSE | F33: 0 | G33: 3 | H33: 0.4 | I33: 0.4091 | J33: 0.71 | K33: 0.2239 | L33: 0 | M33: 8 | N33: 8 | O33: =VLOOKUP(G33,calculate_field!$B$2:$C$5,2,FALSE) -> Light Snow / Rain | P33: =CHOOSE(F33+1,"Sunday","Monday","Tuesday","Wednesday","Thursday","Friday","Saturday") -> Sunday | Q33: =IF(OR(F33=0,F33=6),"Weekend","Weekday") -> Weekend | R33: =IF(D33<6,"Night",IF(D33<12,"Morning",IF(D33<17,"Afternoon",IF(D33<21,"Evening","Night")))) -> Morning | S33: =INDEX(calculate_field!$F$2:$F$4, MATCH(H33, calculate_field!$E$2:$E$4, 1)) -> Warm | T33: =AVERAGE(N33:N56) -> 45.541667 | U33: =_xlfn.STDEV.S(N33:N56) -> 38.119924 | V33: =(N56-T56)/U56 -> 0.48541942 | W33: =IFERROR(ABS(V49)>1.5,FALSE) -> FALSE
A34: 33 | B34: 40545 | C34: 1 | D34: 9 | E34: FALSE | F34: 0 | G34: 2 | H34: 0.38 | I34: =IF(I17="", _xlfn.MODE.SNGL($I$2:$I$1000), I17) -> 0.4394 | J34: 0.76 | K34: 0.2239 | L34: 1 | M34: 19 | N34: 20 | O34: =VLOOKUP(G34,calculate_field!$B$2:$C$5,2,FALSE) -> Mist / cloudy | P34: =CHOOSE(F34+1,"Sunday","Monday","Tuesday","Wednesday","Thursday","Friday","Saturday") -> Sunday | Q34: =IF(OR(F34=0,F34=6),"Weekend","Weekday") -> Weekend | R34: =IF(D34<6,"Night",IF(D34<12,"Morning",IF(D34<17,"Afternoon",IF(D34<21,"Evening","Night")))) -> Morning | S34: =INDEX(calculate_field!$F$2:$F$4, MATCH(H34, calculate_field!$E$2:$E$4, 1)) -> Warm | T34: =AVERAGE(N34:N57) -> 47.041667 | U34: =_xlfn.STDEV.S(N34:N57) -> 37.277431 | V34: =(N57-T57)/U57 -> -0.33380479 | W34: =IFERROR(ABS(V50)>1.5,FALSE) -> FALSE
A35: 34 | B35: 40545 | C35: 1 | D35: 10 | E35: FALSE | F35: 0 | G35: 2 | H35: 0.36 | I35: 0.3485 | J35: 0.81 | K35: 0.2239 | L35: 7 | M35: 46 | N35: 53 | O35: =VLOOKUP(G35,calculate_field!$B$2:$C$5,2,FALSE) -> Mist / cloudy | P35: =CHOOSE(F35+1,"Sunday","Monday","Tuesday","Wednesday","Thursday","Friday","Saturday") -> Sunday | Q35: =IF(OR(F35=0,F35=6),"Weekend","Weekday") -> Weekend | R35: =IF(D35<6,"Night",IF(D35<12,"Morning",IF(D35<17,"Afternoon",IF(D35<21,"Evening","Night")))) -> Morning | S35: =INDEX(calculate_field!$F$2:$F$4, MATCH(H35, calculate_field!$E$2:$E$4, 1)) -> Warm | T35: =AVERAGE(N35:N58) -> 48.333333 | U35: =_xlfn.STDEV.S(N35:N58) -> 36.834137 | V35: =(N58-T58)/U58 -> -0.20840556 | W35: =IFERROR(ABS(V51)>1.5,FALSE) -> FALSE
A36: 35 | B36: 40545 | C36: 1 | D36: 11 | E36: FALSE | F36: 0 | G36: 2 | H36: 0.36 | I36: 0.3333 | J36: 0.71 | K36: 0.2537 | L36: 16 | M36: 54 | N36: 70 | O36: =VLOOKUP(G36,calculate_field!$B$2:$C$5,2,FALSE) -> Mist / cloudy | P36: =CHOOSE(F36+1,"Sunday","Monday","Tuesday","Wednesday","Thursday","Friday","Saturday") -> Sunday | Q36: =IF(OR(F36=0,F36=6),"Weekend","Weekday") -> Weekend | R36: =IF(D36<6,"Night",IF(D36<12,"Morning",IF(D36<17,"Afternoon",IF(D36<21,"Evening","Night")))) -> Morning | S36: =INDEX(calculate_field!$F$2:$F$4, MATCH(H36, calculate_field!$E$2:$E$4, 1)) -> Warm | T36: =AVERAGE(N36:N59) -> 48.666667 | U36: =_xlfn.STDEV.S(N36:N59) -> 36.914315 | V36: =(N59-T59)/U59 -> -0.034970054 | W36: =IFERROR(ABS(V52)>1.5,FALSE) -> FALSE
A37: 36 | B37: 40545 | C37: 1 | D37: 12 | E37: FALSE | F37: 0 | G37: 2 | H37: 0.36 | I37: 0.3333 | J37: 0.66 | K37: 0.2985 | L37: 20 | M37: 73 | N37: 93 | O37: =VLOOKUP(G37,calculate_field!$B$2:$C$5,2,FALSE) -> Mist / cloudy | P37: =CHOOSE(F37+1,"Sunday","Monday","Tuesday","Wednesday","Thursday","Friday","Saturday") -> Sunday | Q37: =IF(OR(F37=0,F37=6),"Weekend","Weekday") -> Weekend | R37: =IF(D37<6,"Night",IF(D37<12,"Morning",IF(D37<17,"Afternoon",IF(D37<21,"Evening","Night")))) -> Afternoon | S37: =INDEX(calculate_field!$F$2:$F$4, MATCH(H37, calculate_field!$E$2:$E$4, 1)) -> Warm | T37: =AVERAGE(N37:N60) -> 48.291667 | U37: =_xlfn.STDEV.S(N37:N60) -> 36.733445 | V37: =(N60-T60)/U60 -> -0.06366317 | W37: =IFERROR(ABS(V53)>1.5,FALSE) -> FALSE
A38: 37 | B38: 40545 | C38: 1 | D38: 13 | E38: FALSE | F38: 0 | G38: 2 | H38: 0.36 | I38: 0.3485 | J38: 0.66 | K38: 0.1343 | L38: 11 | M38: 64 | N38: 75 | O38: =VLOOKUP(G38,calculate_field!$B$2:$C$5,2,FALSE) -> Mist / cloudy | P38: =CHOOSE(F38+1,"Sunday","Monday","Tuesday","Wednesday","Thursday","Friday","Saturday") -> Sunday | Q38: =IF(OR(F38=0,F38=6),"Weekend","Weekday") -> Weekend | R38: =IF(D38<6,"Night",IF(D38<12,"Morning",IF(D38<17,"Afternoon",IF(D38<21,"Evening","Night")))) -> Afternoon | S38: =INDEX(calculate_field!$F$2:$F$4, MATCH(H38, calculate_field!$E$2:$E$4, 1)) -> Warm | T38: =AVERAGE(N38:N61) -> 47.625 | U38: =_xlfn.STDEV.S(N38:N61) -> 36.025127 | V38: =(N61-T61)/U61 -> 0.244195 | W38: =IFERROR(ABS(V54)>1.5,FALSE) -> FALSE
A39: 38 | B39: 40545 | C39: 1 | D39: 14 | E39: FALSE | F39: 0 | G39: 3 | H39: 0.36 | I39: =IF(I22="", _xlfn.MODE.SNGL($I$2:$I$1000), I22) -> 0.4091 | J39: 0.76 | K39: 0.194 | L39: 4 | M39: 55 | N39: 59 | O39: =VLOOKUP(G39,calculate_field!$B$2:$C$5,2,FALSE) -> Light Snow / Rain | P39: =CHOOSE(F39+1,"Sunday","Monday","Tuesday","Wednesday","Thursday","Friday","Saturday") -> Sunday | Q39: =IF(OR(F39=0,F39=6),"Weekend","Weekday") -> Weekend | R39: =IF(D39<6,"Night",IF(D39<12,"Morning",IF(D39<17,"Afternoon",IF(D39<21,"Evening","Night")))) -> Afternoon | S39: =INDEX(calculate_field!$F$2:$F$4, MATCH(H39, calculate_field!$E$2:$E$4, 1)) -> Warm | T39: =AVERAGE(N39:N62) -> 47.5 | U39: =_xlfn.STDEV.S(N39:N62) -> 35.931093 | V39: =(N62-T62)/U62 -> 0.15736652 | W39: =IFERROR(ABS(V55)>1.5,FALSE) -> TRUE
A40: 39 | B40: 40545 | C40: 1 | D40: 15 | E40: FALSE | F40: 0 | G40: 3 | H40: 0.34 | I40: 0.3333 | J40: 0.81 | K40: 0.1642 | L40: 19 | M40: 55 | N40: 74 | O40: =VLOOKUP(G40,calculate_field!$B$2:$C$5,2,FALSE) -> Light Snow / Rain | P40: =CHOOSE(F40+1,"Sunday","Monday","Tuesday","Wednesday","Thursday","Friday","Saturday") -> Sunday | Q40: =IF(OR(F40=0,F40=6),"Weekend","Weekday") -> Weekend | R40: =IF(D40<6,"Night",IF(D40<12,"Morning",IF(D40<17,"Afternoon",IF(D40<21,"Evening","Night")))) -> Afternoon | S40: =INDEX(calculate_field!$F$2:$F$4, MATCH(H40, calculate_field!$E$2:$E$4, 1)) -> Warm | T40: =AVERAGE(N40:N63) -> 48.208333 | U40: =_xlfn.STDEV.S(N40:N63) -> 36.332976 | V40: =(N63-T63)/U63 -> 0.22542107 | W40: =IFERROR(ABS(V56)>1.5,FALSE) -> FALSE
A41: 40 | B41: 40545 | C41: 1 | D41: 16 | E41: FALSE | F41: 0 | G41: 3 | H41: 0.34 | I41: 0.3333 | J41: 0.71 | K41: 0.1642 | L41: 9 | M41: 67 | N41: 76 | O41: =VLOOKUP(G41,calculate_field!$B$2:$C$5,2,FALSE) -> Light Snow / Rain | P41: =CHOOSE(F41+1,"Sunday","Monday","Tuesday","Wednesday","Thursday","Friday","Saturday") -> Sunday | Q41: =IF(OR(F41=0,F41=6),"Weekend","Weekday") -> Weekend | R41: =IF(D41<6,"Night",IF(D41<12,"Morning",IF(D41<17,"Afternoon",IF(D41<21,"Evening","Night")))) -> Afternoon | S41: =INDEX(calculate_field!$F$2:$F$4, MATCH(H41, calculate_field!$E$2:$E$4, 1)) -> Warm | T41: =AVERAGE(N41:N64) -> 51.666667 | U41: =_xlfn.STDEV.S(N41:N64) -> 42.347082 | V41: =(N64-T64)/U64 -> 1.4525812 | W41: =IFERROR(ABS(V57)>1.5,FALSE) -> FALSE
A42: 41 | B42: 40545 | C42: 1 | D42: 17 | E42: FALSE | F42: 0 | G42: 1 | H42: 0.34 | I42: 0.3333 | J42: 0.57 | K42: 0.194 | L42: 7 | M42: 58 | N42: 65 | O42: =VLOOKUP(G42,calculate_field!$B$2:$C$5,2,FALSE) -> Clear/Partly Cloudy | P42: =CHOOSE(F42+1,"Sunday","Monday","Tuesday","Wednesday","Thursday","Friday","Saturday") -> Sunday | Q42: =IF(OR(F42=0,F42=6),"Weekend","Weekday") -> Weekend | R42: =IF(D42<6,"Night",IF(D42<12,"Morning",IF(D42<17,"Afternoon",IF(D42<21,"Evening","Night")))) -> Evening | S42: =INDEX(calculate_field!$F$2:$F$4, MATCH(H42, calculate_field!$E$2:$E$4, 1)) -> Warm | T42: =AVERAGE(N42:N65) -> 55.041667 | U42: =_xlfn.STDEV.S(N42:N65) -> 47.307945 | V42: =(N65-T65)/U65 -> 1.3939901 | W42: =IFERROR(ABS(V58)>1.5,FALSE) -> FALSE
A43: 42 | B43: 40545 | C43: 1 | D43: 18 | E43: FALSE | F43: 0 | G43: 2 | H43: 0.36 | I43: 0.3333 | J43: 0.46 | K43: 0.3284 | L43: 10 | M43: 43 | N43: 53 | O43: =VLOOKUP(G43,calculate_field!$B$2:$C$5,2,FALSE) -> Mist / cloudy | P43: =CHOOSE(F43+1,"Sunday","Monday","Tuesday","Wednesday","Thursday","Friday","Saturday") -> Sunday | Q43: =IF(OR(F43=0,F43=6),"Weekend","Weekday") -> Weekend | R43: =IF(D43<6,"Night",IF(D43<12,"Morning",IF(D43<17,"Afternoon",IF(D43<21,"Evening","Night")))) -> Evening | S43: =INDEX(calculate_field!$F$2:$F$4, MATCH(H43, calculate_field!$E$2:$E$4, 1)) -> Warm | T43: =AVERAGE(N43:N66) -> 56.916667 | U43: =_xlfn.STDEV.S(N43:N66) -> 48.594074 | V43: =(N66-T66)/U66 -> 0.68529228 | W43: =IFERROR(ABS(V59)>1.5,FALSE) -> FALSE
A44: 43 | B44: 40545 | C44: 1 | D44: 19 | E44: FALSE | F44: 0 | G44: 1 | H44: 0.32 | I44: 0.2879 | J44: 0.42 | K44: 0.4478 | L44: 1 | M44: 29 | N44: 30 | O44: =VLOOKUP(G44,calculate_field!$B$2:$C$5,2,FALSE) -> Clear/Partly Cloudy | P44: =CHOOSE(F44+1,"Sunday","Monday","Tuesday","Wednesday","Thursday","Friday","Saturday") -> Sunday | Q44: =IF(OR(F44=0,F44=6),"Weekend","Weekday") -> Weekend | R44: =IF(D44<6,"Night",IF(D44<12,"Morning",IF(D44<17,"Afternoon",IF(D44<21,"Evening","Night")))) -> Evening | S44: =INDEX(calculate_field!$F$2:$F$4, MATCH(H44, calculate_field!$E$2:$E$4, 1)) -> Warm | T44: =AVERAGE(N44:N67) -> 56.875 | U44: =_xlfn.STDEV.S(N44:N67) -> 48.598007 | V44: =(N67-T67)/U67 -> -0.25136796 | W44: =IFERROR(ABS(V60)>1.5,FALSE) -> FALSE
A45: 44 | B45: 40545 | C45: 1 | D45: 20 | E45: FALSE | F45: 0 | G45: 1 | H45: 0.3 | I45: =IF(I28="", _xlfn.MODE.SNGL($I$2:$I$1000), I28) -> 0.4242 | J45: 0.39 | K45: 0.3582 | L45: 5 | M45: 17 | N45: 22 | O45: =VLOOKUP(G45,calculate_field!$B$2:$C$5,2,FALSE) -> Clear/Partly Cloudy | P45: =CHOOSE(F45+1,"Sunday","Monday","Tuesday","Wednesday","Thursday","Friday","Saturday") -> Sunday | Q45: =IF(OR(F45=0,F45=6),"Weekend","Weekday") -> Weekend | R45: =IF(D45<6,"Night",IF(D45<12,"Morning",IF(D45<17,"Afternoon",IF(D45<21,"Evening","Night")))) -> Evening | S45: =INDEX(calculate_field!$F$2:$F$4, MATCH(H45, calculate_field!$E$2:$E$4, 1)) -> Warm | T45: =AVERAGE(N45:N68) -> 57.791667 | U45: =_xlfn.STDEV.S(N45:N68) -> 48.275459 | V45: =(N68-T68)/U68 -> -0.24833594 | W45: =IFERROR(ABS(V61)>1.5,FALSE) -> FALSE
A46: 45 | B46: 40545 | C46: 1 | D46: 21 | E46: FALSE | F46: 0 | G46: 1 | H46: 0.26 | I46: 0.2273 | J46: 0.44 | K46: 0.3284 | L46: 11 | M46: 20 | N46: 31 | O46: =VLOOKUP(G46,calculate_field!$B$2:$C$5,2,FALSE) -> Clear/Partly Cloudy | P46: =CHOOSE(F46+1,"Sunday","Monday","Tuesday","Wednesday","Thursday","Friday","Saturday") -> Sunday | Q46: =IF(OR(F46=0,F46=6),"Weekend","Weekday") -> Weekend | R46: =IF(D46<6,"Night",IF(D46<12,"Morning",IF(D46<17,"Afternoon",IF(D46<21,"Evening","Night")))) -> Night | S46: =INDEX(calculate_field!$F$2:$F$4, MATCH(H46, calculate_field!$E$2:$E$4, 1)) -> Mild | T46: =AVERAGE(N46:N69) -> 57.708333 | U46: =_xlfn.STDEV.S(N46:N69) -> 48.34161 | V46: =(N69-T69)/U69 -> -0.77443168 | W46: =IFERROR(ABS(V62)>1.5,FALSE) -> FALSE
A47: 46 | B47: 40545 | C47: 1 | D47: 22 | E47: FALSE | F47: 0 | G47: 1 | H47: 0.24 | I47: 0.2121 | J47: 0.44 | K47: 0.2985 | L47: 0 | M47: 9 | N47: 9 | O47: =VLOOKUP(G47,calculate_field!$B$2:$C$5,2,FALSE) -> Clear/Partly Cloudy | P47: =CHOOSE(F47+1,"Sunday","Monday","Tuesday","Wednesday","Thursday","Friday","Saturday") -> Sunday | Q47: =IF(OR(F47=0,F47=6),"Weekend","Weekday") -> Weekend | R47: =IF(D47<6,"Night",IF(D47<12,"Morning",IF(D47<17,"Afternoon",IF(D47<21,"Evening","Night")))) -> Night | S47: =INDEX(calculate_field!$F$2:$F$4, MATCH(H47, calculate_field!$E$2:$E$4, 1)) -> Mild | T47: =AVERAGE(N47:N70) -> 56.916667 | U47: =_xlfn.STDEV.S(N47:N70) -> 48.949767 | V47: =(N70-T70)/U70 -> -0.89791707 | W47: =IFERROR(ABS(V63)>1.5,FALSE) -> FALSE
A48: 47 | B48: 40545 | C48: 1 | D48: 23 | E48: FALSE | F48: 0 | G48: 1 | H48: 0.22 | I48: 0.2273 | J48: 0.47 | K48: 0.1642 | L48: 0 | M48: 8 | N48: 8 | O48: =VLOOKUP(G48,calculate_field!$B$2:$C$5,2,FALSE) -> Clear/Partly Cloudy | P48: =CHOOSE(F48+1,"Sunday","Monday","Tuesday","Wednesday","Thursday","Friday","Saturday") -> Sunday | Q48: =IF(OR(F48=0,F48=6),"Weekend","Weekday") -> Weekend | R48: =IF(D48<6,"Night",IF(D48<12,"Morning",IF(D48<17,"Afternoon",IF(D48<21,"Evening","Night")))) -> Night | S48: =INDEX(calculate_field!$F$2:$F$4, MATCH(H48, calculate_field!$E$2:$E$4, 1)) -> Mild | T48: =AVERAGE(N48:N71) -> 56.75 | U48: =_xlfn.STDEV.S(N48:N71) -> 49.1265 | V48: =(N71-T71)/U71 -> -1.0068738 | W48: =IFERROR(ABS(V64)>1.5,FALSE) -> TRUE
A49: 48 | B49: 40546 | C49: 1 | D49: 0 | E49: FALSE | F49: 1 | G49: 1 | H49: 0.22 | I49: 0.197 | J49: 0.44 | K49: 0.3582 | L49: 0 | M49: 5 | N49: 5 | O49: =VLOOKUP(G49,calculate_field!$B$2:$C$5,2,FALSE) -> Clear/Partly Cloudy | P49: =CHOOSE(F49+1,"Sunday","Monday","Tuesday","Wednesday","Thursday","Friday","Saturday") -> Monday | Q49: =IF(OR(F49=0,F49=6),"Weekend","Weekday") -> Weekday | R49: =IF(D49<6,"Night",IF(D49<12,"Morning",IF(D49<17,"Afternoon",IF(D49<21,"Evening","Night")))) -> Night | S49: =INDEX(calculate_field!$F$2:$F$4, MATCH(H49, calculate_field!$E$2:$E$4, 1)) -> Mild | T49: =AVERAGE(N49:N72) -> 56.5 | U49: =_xlfn.STDEV.S(N49:N72) -> 49.399877 | V49: =(N72-T72)/U72 -> -1.0584021 | W49: =IFERROR(ABS(V65)>1.5,FALSE) -> TRUE
A50: 49 | B50: 40546 | C50: 1 | D50: 1 | E50: FALSE | F50: 1 | G50: 1 | H50: 0.2 | I50: =IF(I33="", _xlfn.MODE.SNGL($I$2:$I$1000), I33) -> 0.4091 | J50: 0.44 | K50: 0.4179 | L50: 0 | M50: 2 | N50: 2 | O50: =VLOOKUP(G50,calculate_field!$B$2:$C$5,2,FALSE) -> Clear/Partly Cloudy | P50: =CHOOSE(F50+1,"Sunday","Monday","Tuesday","Wednesday","Thursday","Friday","Saturday") -> Monday | Q50: =IF(OR(F50=0,F50=6),"Weekend","Weekday") -> Weekday | R50: =IF(D50<6,"Night",IF(D50<12,"Morning",IF(D50<17,"Afternoon",IF(D50<21,"Evening","Night")))) -> Night | S50: =INDEX(calculate_field!$F$2:$F$4, MATCH(H50, calculate_field!$E$2:$E$4, 1)) -> Mild | T50: =AVERAGE(N50:N73) -> 56.333333 | U50: =_xlfn.STDEV.S(N50:N73) -> 49.587574 | V50: =(N73-T73)/U73 -> -1.0751027 | W50: =IFERROR(ABS(V66)>1.5,FALSE) -> FALSE
A51: 50 | B51: 40546 | C51: 1 | D51: 4 | E51: FALSE | F51: 1 | G51: 1 | H51: 0.16 | I51: 0.1364 | J51: 0.47 | K51: 0.3881 | L51: 0 | M51: 1 | N51: 1 | O51: =VLOOKUP(G51,calculate_field!$B$2:$C$5,2,FALSE) -> Clear/Partly Cloudy | P51: =CHOOSE(F51+1,"Sunday","Monday","Tuesday","Wednesday","Thursday","Friday","Saturday") -> Monday | Q51: =IF(OR(F51=0,F51=6),"Weekend","Weekday") -> Weekday | R51: =IF(D51<6,"Night",IF(D51<12,"Morning",IF(D51<17,"Afternoon",IF(D51<21,"Evening","Night")))) -> Night | S51: =INDEX(calculate_field!$F$2:$F$4, MATCH(H51, calculate_field!$E$2:$E$4, 1)) -> Cold | T51: =AVERAGE(N51:N74) -> 56.333333 | U51: =_xlfn.STDEV.S(N51:N74) -> 49.587574 | V51: =(N74-T74)/U74 -> -1.0599195 | W51: =IFERROR(ABS(V67)>1.5,FALSE) -> FALSE
A52: 51 | B52: 40546 | C52: 1 | D52: 5 | E52: FALSE | F52: 1 | G52: 1 | H52: 0.16 | I52: 0.1364 | J52: 0.47 | K52: 0.2836 | L52: 0 | M52: 3 | N52: 3 | O52: =VLOOKUP(G52,calculate_field!$B$2:$C$5,2,FALSE) -> Clear/Partly Cloudy | P52: =CHOOSE(F52+1,"Sunday","Monday","Tuesday","Wednesday","Thursday","Friday","Saturday") -> Monday | Q52: =IF(OR(F52=0,F52=6),"Weekend","Weekday") -> Weekday | R52: =IF(D52<6,"Night",IF(D52<12,"Morning",IF(D52<17,"Afternoon",IF(D52<21,"Evening","Night")))) -> Night | S52: =INDEX(calculate_field!$F$2:$F$4, MATCH(H52, calculate_field!$E$2:$E$4, 1)) -> Cold | T52: =AVERAGE(N52:N75) -> 56.458333 | U52: =_xlfn.STDEV.S(N52:N75) -> 49.445604 | V52: =(N75-T75)/U75 -> -1.0279748 | W52: =IFERROR(ABS(V68)>1.5,FALSE) -> FALSE
A53: 52 | B53: 40546 | C53: 1 | D53: 6 | E53: FALSE | F53: 1 | G53: 1 | H53: 0.14 | I53: 0.1061 | J53: 0.5 | K53: 0.3881 | L53: 0 | M53: 30 | N53: 30 | O53: =VLOOKUP(G53,calculate_field!$B$2:$C$5,2,FALSE) -> Clear/Partly Cloudy | P53: =CHOOSE(F53+1,"Sunday","Monday","Tuesday","Wednesday","Thursday","Friday","Saturday") -> Monday | Q53: =IF(OR(F53=0,F53=6),"Weekend","Weekday") -> Weekday | R53: =IF(D53<6,"Night",IF(D53<12,"Morning",IF(D53<17,"Afternoon",IF(D53<21,"Evening","Night")))) -> Morning | S53: =INDEX(calculate_field!$F$2:$F$4, MATCH(H53, calculate_field!$E$2:$E$4, 1)) -> Cold | T53: =AVERAGE(N53:N76) -> 57.833333 | U53: =_xlfn.STDEV.S(N53:N76) -> 48.340879 | V53: =(N76-T76)/U76 -> -0.52177095 | W53: =IFERROR(ABS(V69)>1.5,FALSE) -> FALSE
A54: 53 | B54: 40546 | C54: 1 | D54: 7 | E54: FALSE | F54: 1 | G54: 1 | H54: 0.14 | I54: 0.1364 | J54: 0.5 | K54: 0.194 | L54: 1 | M54: 63 | N54: 64 | O54: =VLOOKUP(G54,calculate_field!$B$2:$C$5,2,FALSE) -> Clear/Partly Cloudy | P54: =CHOOSE(F54+1,"Sunday","Monday","Tuesday","Wednesday","Thursday","Friday","Saturday") -> Monday | Q54: =IF(OR(F54=0,F54=6),"Weekend","Weekday") -> Weekday | R54: =IF(D54<6,"Night",IF(D54<12,"Morning",IF(D54<17,"Afternoon",IF(D54<21,"Evening","Night")))) -> Morning | S54: =INDEX(calculate_field!$F$2:$F$4, MATCH(H54, calculate_field!$E$2:$E$4, 1)) -> Cold | T54: =AVERAGE(N54:N77) -> 60.5 | U54: =_xlfn.STDEV.S(N54:N77) -> 48.503698 | V54: =(N77-T77)/U77 -> 0.42981304 | W54: =IFERROR(ABS(V70)>1.5,FALSE) -> FALSE
A55: 54 | B55: 40546 | C55: 1 | D55: 8 | E55: FALSE | F55: 1 | G55: 1 | H55: 0.14 | I55: 0.1212 | J55: 0.5 | K55: 0.2836 | L55: 1 | M55: 153 | N55: 154 | O55: =VLOOKUP(G55,calculate_field!$B$2:$C$5,2,FALSE) -> Clear/Partly Cloudy | P55: =CHOOSE(F55+1,"Sunday","Monday","Tuesday","Wednesday","Thursday","Friday","Saturday") -> Monday | Q55: =IF(OR(F55=0,F55=6),"Weekend","Weekday") -> Weekday | R55: =IF(D55<6,"Night",IF(D55<12,"Morning",IF(D55<17,"Afternoon",IF(D55<21,"Evening","Night")))) -> Morning | S55: =INDEX(calculate_field!$F$2:$F$4, MATCH(H55, calculate_field!$E$2:$E$4, 1)) -> Cold | T55: =AVERAGE(N55:N78) -> 65.291667 | U55: =_xlfn.STDEV.S(N55:N78) -> 54.20932 | V55: =(N78-T78)/U78 -> 1.6599661 | W55: =IFERROR(ABS(V71)>1.5,FALSE) -> FALSE
A56: 55 | B56: 40546 | C56: 1 | D56: 9 | E56: FALSE | F56: 1 | G56: 1 | H56: 0.16 | I56: 0.1364 | J56: 0.43 | K56: 0.3881 | L56: 7 | M56: 81 | N56: 88 | O56: =VLOOKUP(G56,calculate_field!$B$2:$C$5,2,FALSE) -> Clear/Partly Cloudy | P56: =CHOOSE(F56+1,"Sunday","Monday","Tuesday","Wednesday","Thursday","Friday","Saturday") -> Monday | Q56: =IF(OR(F56=0,F56=6),"Weekend","Weekday") -> Weekday | R56: =IF(D56<6,"Night",IF(D56<12,"Morning",IF(D56<17,"Afternoon",IF(D56<21,"Evening","Night")))) -> Morning | S56: =INDEX(calculate_field!$F$2:$F$4, MATCH(H56, calculate_field!$E$2:$E$4, 1)) -> Cold | T56: =AVERAGE(N56:N79) -> 63.041667 | U56: =_xlfn.STDEV.S(N56:N79) -> 51.416018 | V56: =(N79-T79)/U79 -> 0.48999001 | W56: =IFERROR(ABS(V72)>1.5,FALSE) -> FALSE
A57: 56 | B57: 40546 | C57: 1 | D57: 10 | E57: FALSE | F57: 1 | G57: 1 | H57: 0.18 | I57: 0.1667 | J57: 0.43 | K57: 0.2537 | L57: 11 | M57: 33 | N57: 44 | O57: =VLOOKUP(G57,calculate_field!$B$2:$C$5,2,FALSE) -> Clear/Partly Cloudy | P57: =CHOOSE(F57+1,"Sunday","Monday","Tuesday","Wednesday","Thursday","Friday","Saturday") -> Monday | Q57: =IF(OR(F57=0,F57=6),"Weekend","Weekday") -> Weekday | R57: =IF(D57<6,"Night",IF(D57<12,"Morning",IF(D57<17,"Afternoon",IF(D57<21,"Evening","Night")))) -> Morning | S57: =INDEX(calculate_field!$F$2:$F$4, MATCH(H57, calculate_field!$E$2:$E$4, 1)) -> Cold | T57: =AVERAGE(N57:N80) -> 61.125 | U57: =_xlfn.STDEV.S(N57:N80) -> 51.302439 | V57: =(N80-T80)/U80 -> -0.4417243 | W57: =IFERROR(ABS(V73)>1.5,FALSE) -> FALSE
A58: 57 | B58: 40546 | C58: 1 | D58: 11 | E58: FALSE | F58: 1 | G58: 1 | H58: 0.2 | I58: 0.1818 | J58: 0.4 | K58: 0.3284 | L58: 10 | M58: 41 | N58: 51 | O58: =VLOOKUP(G58,calculate_field!$B$2:$C$5,2,FALSE) -> Clear/Partly Cloudy | P58: =CHOOSE(F58+1,"Sunday","Monday","Tuesday","Wednesday","Thursday","Friday","Saturday") -> Monday | Q58: =IF(OR(F58=0,F58=6),"Weekend","Weekday") -> Weekday | R58: =IF(D58<6,"Night",IF(D58<12,"Morning",IF(D58<17,"Afternoon",IF(D58<21,"Evening","Night")))) -> Morning | S58: =INDEX(calculate_field!$F$2:$F$4, MATCH(H58, calculate_field!$E$2:$E$4, 1)) -> Mild | T58: =AVERAGE(N58:N81) -> 61.666667 | U58: =_xlfn.STDEV.S(N58:N81) -> 51.182255 | V58: =(N81-T81)/U81 -> -0.19547658 | W58: =IFERROR(ABS(V74)>1.5,FALSE) -> FALSE
A59: 58 | B59: 40546 | C59: 1 | D59: 12 | E59: FALSE | F59: 1 | G59: 1 | H59: 0.22 | I59: 0.2121 | J59: 0.35 | K59: 0.2985 | L59: 13 | M59: 48 | N59: 61 | O59: =VLOOKUP(G59,calculate_field!$B$2:$C$5,2,FALSE) -> Clear/Partly Cloudy | P59: =CHOOSE(F59+1,"Sunday","Monday","Tuesday","Wednesday","Thursday","Friday","Saturday") -> Monday | Q59: =IF(OR(F59=0,F59=6),"Weekend","Weekday") -> Weekday | R59: =IF(D59<6,"Night",IF(D59<12,"Morning",IF(D59<17,"Afternoon",IF(D59<21,"Evening","Night")))) -> Afternoon | S59: =INDEX(calculate_field!$F$2:$F$4, MATCH(H59, calculate_field!$E$2:$E$4, 1)) -> Mild | T59: =AVERAGE(N59:N82) -> 62.791667 | U59: =_xlfn.STDEV.S(N59:N82) -> 51.234312 | V59: =(N82-T82)/U82 -> 0.13868024 | W59: =IFERROR(ABS(V75)>1.5,FALSE) -> FALSE
A60: 59 | B60: 40546 | C60: 1 | D60: 13 | E60: FALSE | F60: 1 | G60: 1 | H60: 0.24 | I60: =IF(I43="", _xlfn.MODE.SNGL($I$2:$I$1000), I43) -> 0.3333 | J60: 0.35 | K60: 0.2836 | L60: 8 | M60: 53 | N60: 61 | O60: =VLOOKUP(G60,calculate_field!$B$2:$C$5,2,FALSE) -> Clear/Partly Cloudy | P60: =CHOOSE(F60+1,"Sunday","Monday","Tuesday","Wednesday","Thursday","Friday","Saturday") -> Monday | Q60: =IF(OR(F60=0,F60=6),"Weekend","Weekday") -> Weekday | R60: =IF(D60<6,"Night",IF(D60<12,"Morning",IF(D60<17,"Afternoon",IF(D60<21,"Evening","Night")))) -> Afternoon | S60: =INDEX(calculate_field!$F$2:$F$4, MATCH(H60, calculate_field!$E$2:$E$4, 1)) -> Mild | T60: =AVERAGE(N60:N83) -> 64.291667 | U60: =_xlfn.STDEV.S(N60:N83) -> 51.70441 | V60: =(N83-T83)/U83 -> 0.45991807 | W60: =IFERROR(ABS(V76)>1.5,FALSE) -> FALSE
A61: 60 | B61: 40546 | C61: 1 | D61: 14 | E61: FALSE | F61: 1 | G61: 1 | H61: 0.26 | I61: 0.2424 | J61: 0.3 | K61: 0.2836 | L61: 11 | M61: 66 | N61: 77 | O61: =VLOOKUP(G61,calculate_field!$B$2:$C$5,2,FALSE) -> Clear/Partly Cloudy | P61: =CHOOSE(F61+1,"Sunday","Monday","Tuesday","Wednesday","Thursday","Friday","Saturday") -> Monday | Q61: =IF(OR(F61=0,F61=6),"Weekend","Weekday") -> Weekday | R61: =IF(D61<6,"Night",IF(D61<12,"Morning",IF(D61<17,"Afternoon",IF(D61<21,"Evening","Night")))) -> Afternoon | S61: =INDEX(calculate_field!$F$2:$F$4, MATCH(H61, calculate_field!$E$2:$E$4, 1)) -> Mild | T61: =AVERAGE(N61:N84) -> 64.375 | U61: =_xlfn.STDEV.S(N61:N84) -> 51.700486 | V61: =(N84-T84)/U84 -> -0.082233048 | W61: =IFERROR(ABS(V77)>1.5,FALSE) -> FALSE
A62: 61 | B62: 40546 | C62: 1 | D62: 15 | E62: FALSE | F62: 1 | G62: 1 | H62: 0.26 | I62: 0.2424 | J62: 0.3 | K62: 0.2537 | L62: 14 | M62: 58 | N62: 72 | O62: =VLOOKUP(G62,calculate_field!$B$2:$C$5,2,FALSE) -> Clear/Partly Cloudy | P62: =CHOOSE(F62+1,"Sunday","Monday","Tuesday","Wednesday","Thursday","Friday","Saturday") -> Monday | Q62: =IF(OR(F62=0,F62=6),"Weekend","Weekday") -> Weekday | R62: =IF(D62<6,"Night",IF(D62<12,"Morning",IF(D62<17,"Afternoon",IF(D62<21,"Evening","Night")))) -> Afternoon | S62: =INDEX(calculate_field!$F$2:$F$4, MATCH(H62, calculate_field!$E$2:$E$4, 1)) -> Mild | T62: =AVERAGE(N62:N85) -> 63.875 | U62: =_xlfn.STDEV.S(N62:N85) -> 51.631059 | V62: =(N85-T85)/U85 -> -0.048082271 | W62: =IFERROR(ABS(V78)>1.5,FALSE) -> TRUE
A63: 62 | B63: 40546 | C63: 1 | D63: 16 | E63: FALSE | F63: 1 | G63: 1 | H63: 0.26 | I63: 0.2424 | J63: 0.3 | K63: 0.2537 | L63: 9 | M63: 67 | N63: 76 | O63: =VLOOKUP(G63,calculate_field!$B$2:$C$5,2,FALSE) -> Clear/Partly Cloudy | P63: =CHOOSE(F63+1,"Sunday","Monday","Tuesday","Wednesday","Thursday","Friday","Saturday") -> Monday | Q63: =IF(OR(F63=0,F63=6),"Weekend","Weekday") -> Weekday | R63: =IF(D63<6,"Night",IF(D63<12,"Morning",IF(D63<17,"Afternoon",IF(D63<21,"Evening","Night")))) -> Afternoon | S63: =INDEX(calculate_field!$F$2:$F$4, MATCH(H63, calculate_field!$E$2:$E$4, 1)) -> Mild | T63: =AVERAGE(N63:N86) -> 64.333333 | U63: =_xlfn.STDEV.S(N63:N86) -> 51.754997 | V63: =(N86-T86)/U86 -> 0.23563786 | W63: =IFERROR(ABS(V79)>1.5,FALSE) -> FALSE
A64: 63 | B64: 40546 | C64: 1 | D64: 17 | E64: FALSE | F64: 1 | G64: 1 | H64: 0.24 | I64: 0.2273 | J64: 0.3 | K64: 0.2239 | L64: 11 | M64: 146 | N64: 157 | O64: =VLOOKUP(G64,calculate_field!$B$2:$C$5,2,FALSE) -> Clear/Partly Cloudy | P64: =CHOOSE(F64+1,"Sunday","Monday","Tuesday","Wednesday","Thursday","Friday","Saturday") -> Monday | Q64: =IF(OR(F64=0,F64=6),"Weekend","Weekday") -> Weekday | R64: =IF(D64<6,"Night",IF(D64<12,"Morning",IF(D64<17,"Afternoon",IF(D64<21,"Evening","Night")))) -> Evening | S64: =INDEX(calculate_field!$F$2:$F$4, MATCH(H64, calculate_field!$E$2:$E$4, 1)) -> Mild | T64: =AVERAGE(N64:N87) -> 70 | U64: =_xlfn.STDEV.S(N64:N87) -> 59.893384 | V64: =(N87-T87)/U87 -> 2.1392376 | W64: =IFERROR(ABS(V80)>1.5,FALSE) -> FALSE
A65: 64 | B65: 40546 | C65: 1 | D65: 18 | E65: FALSE | F65: 1 | G65: 1 | H65: 0.24 | I65: 0.2576 | J65: 0.32 | K65: 0.1045 | L65: 9 | M65: 148 | N65: 157 | O65: =VLOOKUP(G65,calculate_field!$B$2:$C$5,2,FALSE) -> Clear/Partly Cloudy | P65: =CHOOSE(F65+1,"Sunday","Monday","Tuesday","Wednesday","Thursday","Friday","Saturday") -> Monday | Q65: =IF(OR(F65=0,F65=6),"Weekend","Weekday") -> Weekday | R65: =IF(D65<6,"Night",IF(D65<12,"Morning",IF(D65<17,"Afternoon",IF(D65<=21,"Evening","Night")))) -> Evening | S65: =INDEX(calculate_field!$F$2:$F$4, MATCH(H65, calculate_field!$E$2:$E$4, 1)) -> Mild | T65: =AVERAGE(N65:N88) -> 71.041667 | U65: =_xlfn.STDEV.S(N65:N88) -> 61.663518 | V65: =(N88-T88)/U88 -> 1.8013147 | W65: =IFERROR(ABS(V81)>1.5,FALSE) -> FALSE
A66: 65 | B66: 40546 | C66: 1 | D66: 19 | E66: FALSE | F66: 1 | G66: 1 | H66: 0.2 | I66: 0.2576 | J66: 0.47 | K66: 0 | L66: 8 | M66: 102 | N66: 110 | O66: =VLOOKUP(G66,calculate_field!$B$2:$C$5,2,FALSE) -> Clear/Partly Cloudy | P66: =CHOOSE(F66+1,"Sunday","Monday","Tuesday","Wednesday","Thursday","Friday","Saturday") -> Monday | Q66: =IF(OR(F66=0,F66=6),"Weekend","Weekday") -> Weekday | R66: =IF(D66<6,"Night",IF(D66<12,"Morning",IF(D66<17,"Afternoon",IF(D66<21,"Evening","Night")))) -> Evening | S66: =INDEX(calculate_field!$F$2:$F$4, MATCH(H66, calculate_field!$E$2:$E$4, 1)) -> Mild | T66: =AVERAGE(N66:N89) -> 69.166667 | U66: =_xlfn.STDEV.S(N66:N89) -> 59.585282 | V66: =(N89-T89)/U89 -> 0.73128772 | W66: =IFERROR(ABS(V82)>1.5,FALSE) -> FALSE
A67: 66 | B67: 40546 | C67: 1 | D67: 20 | E67: FALSE | F67: 1 | G67: 1 | H67: 0.2 | I67: =IF(I50="", _xlfn.MODE.SNGL($I$2:$I$1000), I50) -> 0.4091 | J67: 0.47 | K67: 0.1045 | L67: 3 | M67: 49 | N67: 52 | O67: =VLOOKUP(G67,calculate_field!$B$2:$C$5,2,FALSE) -> Clear/Partly Cloudy | P67: =CHOOSE(F67+1,"Sunday","Monday","Tuesday","Wednesday","Thursday","Friday","Saturday") -> Monday | Q67: =IF(OR(F67=0,F67=6),"Weekend","Weekday") -> Weekday | R67: =IF(D67<6,"Night",IF(D67<12,"Morning",IF(D67<17,"Afternoon",IF(D67<21,"Evening","Night")))) -> Evening | S67: =INDEX(calculate_field!$F$2:$F$4, MATCH(H67, calculate_field!$E$2:$E$4, 1)) -> Mild | T67: =AVERAGE(N67:N90) -> 66.833333 | U67: =_xlfn.STDEV.S(N67:N90) -> 59.010439 | V67: =(N90-T90)/U90 -> -0.25160834 | W67: =IFERROR(ABS(V83)>1.5,FALSE) -> FALSE
A68: 67 | B68: 40546 | C68: 1 | D68: 21 | E68: FALSE | F68: 1 | G68: 1 | H68: 0.18 | I68: 0.197 | J68: 0.64 | K68: 0.1343 | L68: 3 | M68: 49 | N68: 52 | O68: =VLOOKUP(G68,calculate_field!$B$2:$C$5,2,FALSE) -> Clear/Partly Cloudy | P68: =CHOOSE(F68+1,"Sunday","Monday","Tuesday","Wednesday","Thursday","Friday","Saturday") -> Monday | Q68: =IF(OR(F68=0,F68=6),"Weekend","Weekday") -> Weekday | R68: =IF(D68<6,"Night",IF(D68<12,"Morning",IF(D68<17,"Afternoon",IF(D68<21,"Evening","Night")))) -> Night | S68: =INDEX(calculate_field!$F$2:$F$4, MATCH(H68, calculate_field!$E$2:$E$4, 1)) -> Cold | T68: =AVERAGE(N68:N91) -> 66.666667 | U68: =_xlfn.STDEV.S(N68:N91) -> 59.059783 | V68: =(N91-T91)/U91 -> -0.34678307 | W68: =IFERROR(ABS(V84)>1.5,FALSE) -> FALSE
A69: 68 | B69: 40546 | C69: 1 | D69: 22 | E69: FALSE | F69: 1 | G69: 1 | H69: 0.14 | I69: 0.1515 | J69: 0.69 | K69: 0.1343 | L69: 0 | M69: 20 | N69: 20 | O69: =VLOOKUP(G69,calculate_field!$B$2:$C$5,2,FALSE) -> Clear/Partly Cloudy | P69: =CHOOSE(F69+1,"Sunday","Monday","Tuesday","Wednesday","Thursday","Friday","Saturday") -> Monday | Q69: =IF(OR(F69=0,F69=6),"Weekend","Weekday") -> Weekday | R69: =IF(D69<6,"Night",IF(D69<12,"Morning",IF(D69<17,"Afternoon",IF(D69<21,"Evening","Night")))) -> Night | S69: =INDEX(calculate_field!$F$2:$F$4, MATCH(H69, calculate_field!$E$2:$E$4, 1)) -> Cold | T69: =AVERAGE(N69:N92) -> 65.958333 | U69: =_xlfn.STDEV.S(N69:N92) -> 59.344594 | V69: =(N92-T92)/U92 -> -0.56638482 | W69: =IFERROR(ABS(V85)>1.5,FALSE) -> FALSE
A70: 69 | B70: 40546 | C70: 1 | D70: 23 | E70: FALSE | F70: 1 | G70: 1 | H70: 0.18 | I70: 0.2121 | J70: 0.55 | K70: 0.1045 | L70: 1 | M70: 11 | N70: 12 | O70: =VLOOKUP(G70,calculate_field!$B$2:$C$5,2,FALSE) -> Clear/Partly Cloudy | P70: =CHOOSE(F70+1,"Sunday","Monday","Tuesday","Wednesday","Thursday","Friday","Saturday") -> Monday | Q70: =IF(OR(F70=0,F70=6),"Weekend","Weekday") -> Weekday | R70: =IF(D70<6,"Night",IF(D70<12,"Morning",IF(D70<17,"Afternoon",IF(D70<21,"Evening","Night")))) -> Night | S70: =INDEX(calculate_field!$F$2:$F$4, MATCH(H70, calculate_field!$E$2:$E$4, 1)) -> Cold | T70: =AVERAGE(N70:N93) -> 65.583333 | U70: =_xlfn.STDEV.S(N70:N93) -> 59.675147 | V70: =(N93-T93)/U93 -> -0.96136478 | W70: =IFERROR(ABS(V86)>1.5,FALSE) -> FALSE
A71: 70 | B71: 40547 | C71: 1 | D71: 0 | E71: FALSE | F71: 2 | G71: 1 | H71: 0.16 | I71: =IF(I54="", _xlfn.MODE.SNGL($I$2:$I$1000), I54) -> 0.1364 | J71: 0.55 | K71: 0.1045 | L71: 0 | M71: 5 | N71: 5 | O71: =VLOOKUP(G71,calculate_field!$B$2:$C$5,2,FALSE) -> Clear/Partly Cloudy | P71: =CHOOSE(F71+1,"Sunday","Monday","Tuesday","Wednesday","Thursday","Friday","Saturday") -> Tuesday | Q71: =IF(OR(F71=0,F71=6),"Weekend","Weekday") -> Weekday | R71: =IF(D71<6,"Night",IF(D71<12,"Morning",IF(D71<17,"Afternoon",IF(D71<21,"Evening","Night")))) -> Night | S71: =INDEX(calculate_field!$F$2:$F$4, MATCH(H71, calculate_field!$E$2:$E$4, 1)) -> Cold | T71: =AVERAGE(N71:N94) -> 65.333333 | U71: =_xlfn.STDEV.S(N71:N94) -> 59.921446 | V71: =(N94-T94)/U94 -> -1.0470098 | W71: =IFERROR(ABS(V87)>1.5,FALSE) -> TRUE
A72: 71 | B72: 40547 | C72: 1 | D72: 1 | E72: FALSE | F72: 2 | G72: 1 | H72: 0.16 | I72: 0.1818 | J72: 0.59 | K72: 0.1045 | L72: 0 | M72: 2 | N72: 2 | O72: =VLOOKUP(G72,calculate_field!$B$2:$C$5,2,FALSE) -> Clear/Partly Cloudy | P72: =CHOOSE(F72+1,"Sunday","Monday","Tuesday","Wednesday","Thursday","Friday","Saturday") -> Tuesday | Q72: =IF(OR(F72=0,F72=6),"Weekend","Weekday") -> Weekday | R72: =IF(D72<6,"Night",IF(D72<12,"Morning",IF(D72<17,"Afternoon",IF(D72<21,"Evening","Night")))) -> Night | S72: =INDEX(calculate_field!$F$2:$F$4, MATCH(H72, calculate_field!$E$2:$E$4, 1)) -> Cold | T72: =AVERAGE(N72:N95) -> 65.375 | U72: =_xlfn.STDEV.S(N72:N95) -> 59.878001 | V72: =(N95-T95)/U95 -> -1.0439301 | W72: =IFERROR(ABS(V88)>1.5,FALSE) -> TRUE
A73: 72 | B73: 40547 | C73: 1 | D73: 2 | E73: FALSE | F73: 2 | G73: 1 | H73: 0.14 | I73: 0.1515 | J73: 0.63 | K73: 0.1343 | L73: 0 | M73: 1 | N73: 1 | O73: =VLOOKUP(G73,calculate_field!$B$2:$C$5,2,FALSE) -> Clear/Partly Cloudy | P73: =CHOOSE(F73+1,"Sunday","Monday","Tuesday","Wednesday","Thursday","Friday","Saturday") -> Tuesday | Q73: =IF(OR(F73=0,F73=6),"Weekend","Weekday") -> Weekday | R73: =IF(D73<6,"Night",IF(D73<12,"Morning",IF(D73<17,"Afternoon",IF(D73<21,"Evening","Night")))) -> Night | S73: =INDEX(calculate_field!$F$2:$F$4, MATCH(H73, calculate_field!$E$2:$E$4, 1)) -> Cold | T73: =AVERAGE(N73:N96) -> 65.375 | U73: =_xlfn.STDEV.S(N73:N96) -> 59.878001 | V73: =(N96-T96)/U96 -> -1.1059515 | W73: =IFERROR(ABS(V89)>1.5,FALSE) -> FALSE
A74: 73 | B74: 40547 | C74: 1 | D74: 4 | E74: FALSE | F74: 2 | G74: 1 | H74: 0.14 | I74: 0.1818 | J74: 0.63 | K74: 0.0896 | L74: 0 | M74: 2 | N74: 2 | O74: =VLOOKUP(G74,calculate_field!$B$2:$C$5,2,FALSE) -> Clear/Partly Cloudy | P74: =CHOOSE(F74+1,"Sunday","Monday","Tuesday","Wednesday","Thursday","Friday","Saturday") -> Tuesday | Q74: =IF(OR(F74=0,F74=6),"Weekend","Weekday") -> Weekday | R74: =IF(D74<6,"Night",IF(D74<12,"Morning",IF(D74<17,"Afternoon",IF(D74<21,"Evening","Night")))) -> Night | S74: =INDEX(calculate_field!$F$2:$F$4, MATCH(H74, calculate_field!$E$2:$E$4, 1)) -> Cold | T74: =AVERAGE(N74:N97) -> 65.416667 | U74: =_xlfn.STDEV.S(N74:N97) -> 59.831587 | V74: =(N97-T97)/U97 -> -1.1043296 | W74: =IFERROR(ABS(V90)>1.5,FALSE) -> FALSE
A75: 74 | B75: 40547 | C75: 1 | D75: 5 | E75: FALSE | F75: 2 | G75: 1 | H75: 0.12 | I75: 0.1515 | J75: 0.68 | K75: 0.1045 | L75: 0 | M75: 4 | N75: 4 | O75: =VLOOKUP(G75,calculate_field!$B$2:$C$5,2,FALSE) -> Clear/Partly Cloudy | P75: =CHOOSE(F75+1,"Sunday","Monday","Tuesday","Wednesday","Thursday","Friday","Saturday") -> Tuesday | Q75: =IF(OR(F75=0,F75=6),"Weekend","Weekday") -> Weekday | R75: =IF(D75<6,"Night",IF(D75<12,"Morning",IF(D75<17,"Afternoon",IF(D75<21,"Evening","Night")))) -> Night | S75: =INDEX(calculate_field!$F$2:$F$4, MATCH(H75, calculate_field!$E$2:$E$4, 1)) -> Cold | T75: =AVERAGE(N75:N98) -> 65.458333 | U75: =_xlfn.STDEV.S(N75:N98) -> 59.785835 | V75: =(N98-T98)/U98 -> -1.0904744 | W75: =IFERROR(ABS(V91)>1.5,FALSE) -> FALSE
A76: 75 | B76: 40547 | C76: 1 | D76: 6 | E76: FALSE | F76: 2 | G76: 1 | H76: 0.12 | I76: 0.1515 | J76: 0.74 | K76: 0.1045 | L76: 0 | M76: 36 | N76: 36 | O76: =VLOOKUP(G76,calculate_field!$B$2:$C$5,2,FALSE) -> Clear/Partly Cloudy | P76: =CHOOSE(F76+1,"Sunday","Monday","Tuesday","Wednesday","Thursday","Friday","Saturday") -> Tuesday | Q76: =IF(OR(F76=0,F76=6),"Weekend","Weekday") -> Weekday | R76: =IF(D76<6,"Night",IF(D76<12,"Morning",IF(D76<17,"Afternoon",IF(D76<21,"Evening","Night")))) -> Morning | S76: =INDEX(calculate_field!$F$2:$F$4, MATCH(H76, calculate_field!$E$2:$E$4, 1)) -> Cold | T76: =AVERAGE(N76:N99) -> 66.666667 | U76: =_xlfn.STDEV.S(N76:N99) -> 58.774193 | V76: =(N99-T99)/U99 -> -0.61458004 | W76: =IFERROR(ABS(V92)>1.5,FALSE) -> FALSE
A77: 76 | B77: 40547 | C77: 1 | D77: 7 | E77: FALSE | F77: 2 | G77: 1 | H77: 0.12 | I77: 0.1515 | J77: 0.74 | K77: 0.1343 | L77: 2 | M77: 92 | N77: 94 | O77: =VLOOKUP(G77,calculate_field!$B$2:$C$5,2,FALSE) -> Clear/Partly Cloudy | P77: =CHOOSE(F77+1,"Sunday","Monday","Tuesday","Wednesday","Thursday","Friday","Saturday") -> Tuesday | Q77: =IF(OR(F77=0,F77=6),"Weekend","Weekday") -> Weekday | R77: =IF(D77<6,"Night",IF(D77<12,"Morning",IF(D77<17,"Afternoon",IF(D77<21,"Evening","Night")))) -> Morning | S77: =INDEX(calculate_field!$F$2:$F$4, MATCH(H77, calculate_field!$E$2:$E$4, 1)) -> Cold | T77: =AVERAGE(N77:N100) -> 68.833333 | U77: =_xlfn.STDEV.S(N77:N100) -> 58.55259 | V77: =(N100-T100)/U100 -> 0.29959061 | W77: =IFERROR(ABS(V93)>1.5,FALSE) -> FALSE
A78: 77 | B78: 40547 | C78: 1 | D78: 8 | E78: FALSE | F78: 2 | G78: 1 | H78: 0.14 | I78: 0.1515 | J78: 0.69 | K78: 0.1642 | L78: 2 | M78: 177 | N78: 179 | O78: =VLOOKUP(G78,calculate_field!$B$2:$C$5,2,FALSE) -> Clear/Partly Cloudy | P78: =CHOOSE(F78+1,"Sunday","Monday","Tuesday","Wednesday","Thursday","Friday","Saturday") -> Tuesday | Q78: =IF(OR(F78=0,F78=6),"Weekend","Weekday") -> Weekday | R78: =IF(D78<6,"Night",IF(D78<12,"Morning",IF(D78<17,"Afternoon",IF(D78<21,"Evening","Night")))) -> Morning | S78: =INDEX(calculate_field!$F$2:$F$4, MATCH(H78, calculate_field!$E$2:$E$4, 1)) -> Cold | T78: =AVERAGE(N78:N101) -> 73.041667 | U78: =_xlfn.STDEV.S(N78:N101) -> 63.831626 | V78: =(N101-T101)/U101 -> 1.8359829 | W78: =IFERROR(ABS(V94)>1.5,FALSE) -> FALSE
A79: 78 | B79: 40547 | C79: 1 | D79: 9 | E79: FALSE | F79: 2 | G79: 1 | H79: 0.16 | I79: 0.1515 | J79: 0.64 | K79: 0.2239 | L79: 2 | M79: 98 | N79: 100 | O79: =VLOOKUP(G79,calculate_field!$B$2:$C$5,2,FALSE) -> Clear/Partly Cloudy | P79: =CHOOSE(F79+1,"Sunday","Monday","Tuesday","Wednesday","Thursday","Friday","Saturday") -> Tuesday | Q79: =IF(OR(F79=0,F79=6),"Weekend","Weekday") -> Weekday | R79: =IF(D79<6,"Night",IF(D79<12,"Morning",IF(D79<17,"Afternoon",IF(D79<21,"Evening","Night")))) -> Morning | S79: =INDEX(calculate_field!$F$2:$F$4, MATCH(H79, calculate_field!$E$2:$E$4, 1)) -> Cold | T79: =AVERAGE(N79:N102) -> 70.375 | U79: =_xlfn.STDEV.S(N79:N102) -> 60.460416 | V79: =(N102-T102)/U102 -> 0.69071118 | W79: =IFERROR(ABS(V95)>1.5,FALSE) -> FALSE
A80: 79 | B80: 40547 | C80: 1 | D80: 10 | E80: FALSE | F80: 2 | G80: 2 | H80: 0.16 | I80: 0.1364 | J80: 0.69 | K80: 0.3284 | L80: 5 | M80: 37 | N80: 42 | O80: =VLOOKUP(G80,calculate_field!$B$2:$C$5,2,FALSE) -> Mist / cloudy | P80: =CHOOSE(F80+1,"Sunday","Monday","Tuesday","Wednesday","Thursday","Friday","Saturday") -> Tuesday | Q80: =IF(OR(F80=0,F80=6),"Weekend","Weekday") -> Weekday | R80: =IF(D80<6,"Night",IF(D80<12,"Morning",IF(D80<17,"Afternoon",IF(D80<21,"Evening","Night")))) -> Morning | S80: =INDEX(calculate_field!$F$2:$F$4, MATCH(H80, calculate_field!$E$2:$E$4, 1)) -> Cold | T80: =AVERAGE(N80:N103) -> 68.583333 | U80: =_xlfn.STDEV.S(N80:N103) -> 60.180827 | V80: =(N103-T103)/U103 -> -0.22302224 | W80: =IFERROR(ABS(V96)>1.5,FALSE) -> FALSE
A81: 80 | B81: 40547 | C81: 1 | D81: 11 | E81: FALSE | F81: 2 | G81: 1 | H81: 0.22 | I81: 0.2121 | J81: 0.51 | K81: 0.2985 | L81: 7 | M81: 50 | N81: 57 | O81: =VLOOKUP(G81,calculate_field!$B$2:$C$5,2,FALSE) -> Clear/Partly Cloudy | P81: =CHOOSE(F81+1,"Sunday","Monday","Tuesday","Wednesday","Thursday","Friday","Saturday") -> Tuesday | Q81: =IF(OR(F81=0,F81=6),"Weekend","Weekday") -> Weekday | R81: =IF(D81<6,"Night",IF(D81<12,"Morning",IF(D81<17,"Afternoon",IF(D81<21,"Evening","Night")))) -> Morning | S81: =INDEX(calculate_field!$F$2:$F$4, MATCH(H81, calculate_field!$E$2:$E$4, 1)) -> Mild | T81: =AVERAGE(N81:N104) -> 68.75 | U81: =_xlfn.STDEV.S(N81:N104) -> 60.109502 | V81: =(N104-T104)/U104 -> -0.40795444 | W81: =IFERROR(ABS(V97)>1.5,FALSE) -> FALSE
A82: 81 | B82: 40547 | C82: 1 | D82: 12 | E82: FALSE | F82: 2 | G82: 1 | H82: 0.22 | I82: 0.2273 | J82: 0.51 | K82: 0.1642 | L82: 12 | M82: 66 | N82: 78 | O82: =VLOOKUP(G82,calculate_field!$B$2:$C$5,2,FALSE) -> Clear/Partly Cloudy | P82: =CHOOSE(F82+1,"Sunday","Monday","Tuesday","Wednesday","Thursday","Friday","Saturday") -> Tuesday | Q82: =IF(OR(F82=0,F82=6),"Weekend","Weekday") -> Weekday | R82: =IF(D82<6,"Night",IF(D82<12,"Morning",IF(D82<17,"Afternoon",IF(D82<21,"Evening","Night")))) -> Afternoon | S82: =INDEX(calculate_field!$F$2:$F$4, MATCH(H82, calculate_field!$E$2:$E$4, 1)) -> Mild | T82: =AVERAGE(N82:N105) -> 69.666667 | U82: =_xlfn.STDEV.S(N82:N105) -> 60.09027 | V82: =(N105-T105)/U105 -> 0.11639686 | W82: =IFERROR(ABS(V98)>1.5,FALSE) -> FALSE
A83: 82 | B83: 40547 | C83: 1 | D83: 13 | E83: FALSE | F83: 2 | G83: 1 | H83: 0.24 | I83: 0.2273 | J83: 0.56 | K83: 0.194 | L83: 18 | M83: 79 | N83: 97 | O83: =VLOOKUP(G83,calculate_field!$B$2:$C$5,2,FALSE) -> Clear/Partly Cloudy | P83: =CHOOSE(F83+1,"Sunday","Monday","Tuesday","Wednesday","Thursday","Friday","Saturday") -> Tuesday | Q83: =IF(OR(F83=0,F83=6),"Weekend","Weekday") -> Weekday | R83: =IF(D83<6,"Night",IF(D83<12,"Morning",IF(D83<17,"Afternoon",IF(D83<21,"Evening","Night")))) -> Afternoon | S83: =INDEX(calculate_field!$F$2:$F$4, MATCH(H83, calculate_field!$E$2:$E$4, 1)) -> Mild | T83: =AVERAGE(N83:N106) -> 69.375 | U83: =_xlfn.STDEV.S(N83:N106) -> 60.065046 | V83: =(N106-T106)/U106 -> -0.0090624324 | W83: =IFERROR(ABS(V99)>1.5,FALSE) -> FALSE
... A978: 977 | B978: 40587 | C978: 2 | D978: 8 | E978: FALSE | F978: 0 | G978: 2 | H978: 0.22 | I978: 0.2273 | J978: 0.64 | K978: 0.194 | L978: 1 | M978: 11 | N978: 12 | O978: =VLOOKUP(G978,calculate_field!$B$2:$C$5,2,FALSE) -> Mist / cloudy | P978: =CHOOSE(F978+1,"Sunday","Monday","Tuesday","Wednesday","Thursday","Friday","Saturday") -> Sunday | Q978: =IF(OR(F978=0,F978=6),"Weekend","Weekday") -> Weekend | R978: =IF(D978<6,"Night",IF(D978<12,"Morning",IF(D978<17,"Afternoon",IF(D978<21,"Evening","Night")))) -> Morning | S978: =INDEX(calculate_field!$F$2:$F$4, MATCH(H978, calculate_field!$E$2:$E$4, 1)) -> Mild | T978: =AVERAGE(N978:N1001) -> 68.125 | U978: =_xlfn.STDEV.S(N978:N1001) -> 57.98299 | V978: =(N1001-T1001)/U1001 -> #DIV/0! | W978: =IFERROR(ABS(V994)>1.5,FALSE) -> FALSE
A979: 978 | B979: 40587 | C979: 2 | D979: 9 | E979: FALSE | F979: 0 | G979: 2 | H979: 0.24 | I979: 0.2273 | J979: 0.6 | K979: 0.2239 | L979: 12 | M979: 35 | N979: 47 | O979: =VLOOKUP(G979,calculate_field!$B$2:$C$5,2,FALSE) -> Mist / cloudy | P979: =CHOOSE(F979+1,"Sunday","Monday","Tuesday","Wednesday","Thursday","Friday","Saturday") -> Sunday | Q979: =IF(OR(F979=0,F979=6),"Weekend","Weekday") -> Weekend | R979: =IF(D979<6,"Night",IF(D979<12,"Morning",IF(D979<17,"Afternoon",IF(D979<21,"Evening","Night")))) -> Morning | S979: =INDEX(calculate_field!$F$2:$F$4, MATCH(H979, calculate_field!$E$2:$E$4, 1)) -> Mild | T979: =AVERAGE(N979:N1002) -> 70.565217 | U979: =_xlfn.STDEV.S(N979:N1002) -> 58.012402 | V979: =(N1002-U1002)/V1002 -> #DIV/0! | W979: =IFERROR(ABS(V995)>1.5,FALSE) -> FALSE
A980: 979 | B980: 40587 | C980: 2 | D980: 10 | E980: FALSE | F980: 0 | G980: 1 | H980: 0.3 | I980: 0.2727 | J980: 0.45 | K980: 0.3284 | L980: 19 | M980: 86 | N980: 105 | O980: =VLOOKUP(G980,calculate_field!$B$2:$C$5,2,FALSE) -> Clear/Partly Cloudy | P980: =CHOOSE(F980+1,"Sunday","Monday","Tuesday","Wednesday","Thursday","Friday","Saturday") -> Sunday | Q980: =IF(OR(F980=0,F980=6),"Weekend","Weekday") -> Weekend | R980: =IF(D980<6,"Night",IF(D980<12,"Morning",IF(D980<17,"Afternoon",IF(D980<21,"Evening","Night")))) -> Morning | S980: =INDEX(calculate_field!$F$2:$F$4, MATCH(H980, calculate_field!$E$2:$E$4, 1)) -> Warm | T980: =AVERAGE(N980:N1003) -> 71.636364 | U980: =_xlfn.STDEV.S(N980:N1003) -> 59.144331 | V980: =(N1003-U1003)/V1003 -> #DIV/0! | W980: =IFERROR(ABS(V996)>1.5,FALSE) -> FALSE
A981: 980 | B981: 40587 | C981: 2 | D981: 11 | E981: FALSE | F981: 0 | G981: 1 | H981: 0.32 | I981: 0.2879 | J981: 0.39 | K981: 0.4478 | L981: 26 | M981: 86 | N981: 112 | O981: =VLOOKUP(G981,calculate_field!$B$2:$C$5,2,FALSE) -> Clear/Partly Cloudy | P981: =CHOOSE(F981+1,"Sunday","Monday","Tuesday","Wednesday","Thursday","Friday","Saturday") -> Sunday | Q981: =IF(OR(F981=0,F981=6),"Weekend","Weekday") -> Weekend | R981: =IF(D981<6,"Night",IF(D981<12,"Morning",IF(D981<17,"Afternoon",IF(D981<21,"Evening","Night")))) -> Morning | S981: =INDEX(calculate_field!$F$2:$F$4, MATCH(H981, calculate_field!$E$2:$E$4, 1)) -> Warm | T981: =AVERAGE(N981:N1004) -> 70.047619 | U981: =_xlfn.STDEV.S(N981:N1004) -> 60.12194 | V981: =(N1004-U1004)/V1004 -> #DIV/0! | W981: =IFERROR(ABS(V997)>1.5,FALSE) -> FALSE
A982: 981 | B982: 40587 | C982: 2 | D982: 12 | E982: FALSE | F982: 0 | G982: 1 | H982: 0.36 | I982: 0.3182 | J982: 0.32 | K982: 0.4627 | L982: 58 | M982: 94 | N982: 152 | O982: =VLOOKUP(G982,calculate_field!$B$2:$C$5,2,FALSE) -> Clear/Partly Cloudy | P982: =CHOOSE(F982+1,"Sunday","Monday","Tuesday","Wednesday","Thursday","Friday","Saturday") -> Sunday | Q982: =IF(OR(F982=0,F982=6),"Weekend","Weekday") -> Weekend | R982: =IF(D982<6,"Night",IF(D982<12,"Morning",IF(D982<17,"Afternoon",IF(D982<21,"Evening","Night")))) -> Afternoon | S982: =INDEX(calculate_field!$F$2:$F$4, MATCH(H982, calculate_field!$E$2:$E$4, 1)) -> Warm | T982: =AVERAGE(N982:N1005) -> 67.95 | U982: =_xlfn.STDEV.S(N982:N1005) -> 60.890303 | V982: =(N1005-U1005)/V1005 -> #DIV/0! | W982: =IFERROR(ABS(V998)>1.5,FALSE) -> FALSE
A983: 982 | B983: 40587 | C983: 2 | D983: 13 | E983: FALSE | F983: 0 | G983: 1 | H983: 0.38 | I983: 0.3939 | J983: 0.29 | K983: 0.3582 | L983: 62 | M983: 92 | N983: 154 | O983: =VLOOKUP(G983,calculate_field!$B$2:$C$5,2,FALSE) -> Clear/Partly Cloudy | P983: =CHOOSE(F983+1,"Sunday","Monday","Tuesday","Wednesday","Thursday","Friday","Saturday") -> Sunday | Q983: =IF(OR(F983=0,F983=6),"Weekend","Weekday") -> Weekend | R983: =IF(D983<6,"Night",IF(D983<12,"Morning",IF(D983<17,"Afternoon",IF(D983<21,"Evening","Night")))) -> Afternoon | S983: =INDEX(calculate_field!$F$2:$F$4, MATCH(H983, calculate_field!$E$2:$E$4, 1)) -> Warm | T983: =AVERAGE(N983:N1006) -> 63.526316 | U983: =_xlfn.STDEV.S(N983:N1006) -> 59.1649 | V983: =(N1006-U1006)/V1006 -> #DIV/0! | W983: =IFERROR(ABS(V999)>1.5,FALSE) -> FALSE
A984: 983 | B984: 40587 | C984: 2 | D984: 14 | E984: FALSE | F984: 0 | G984: 2 | H984: 0.4 | I984: 0.4091 | J984: 0.3 | K984: 0.4179 | L984: 51 | M984: 110 | N984: 161 | O984: =VLOOKUP(G984,calculate_field!$B$2:$C$5,2,FALSE) -> Mist / cloudy | P984: =CHOOSE(F984+1,"Sunday","Monday","Tuesday","Wednesday","Thursday","Friday","Saturday") -> Sunday | Q984: =IF(OR(F984=0,F984=6),"Weekend","Weekday") -> Weekend | R984: =IF(D984<6,"Night",IF(D984<12,"Morning",IF(D984<17,"Afternoon",IF(D984<21,"Evening","Night")))) -> Afternoon | S984: =INDEX(calculate_field!$F$2:$F$4, MATCH(H984, calculate_field!$E$2:$E$4, 1)) -> Warm | T984: =AVERAGE(N984:N1007) -> 58.5 | U984: =_xlfn.STDEV.S(N984:N1007) -> 56.552162 | V984: =(N1007-U1007)/V1007 -> #DIV/0! | W984: =IFERROR(ABS(V1000)>1.5,FALSE) -> FALSE
A985: 984 | B985: 40587 | C985: 2 | D985: 15 | E985: FALSE | F985: 0 | G985: 2 | H985: 0.4 | I985: 0.4091 | J985: 0.3 | K985: 0.2985 | L985: 40 | M985: 122 | N985: 162 | O985: =VLOOKUP(G985,calculate_field!$B$2:$C$5,2,FALSE) -> Mist / cloudy | P985: =CHOOSE(F985+1,"Sunday","Monday","Tuesday","Wednesday","Thursday","Friday","Saturday") -> Sunday | Q985: =IF(OR(F985=0,F985=6),"Weekend","Weekday") -> Weekend | R985: =IF(D985<6,"Night",IF(D985<12,"Morning",IF(D985<17,"Afternoon",IF(D985<21,"Evening","Night")))) -> Afternoon | S985: =INDEX(calculate_field!$F$2:$F$4, MATCH(H985, calculate_field!$E$2:$E$4, 1)) -> Warm | T985: =AVERAGE(N985:N1008) -> 52.470588 | U985: =_xlfn.STDEV.S(N985:N1008) -> 51.988121 | V985: =(N1008-U1008)/V1008 -> #DIV/0! | W985: =IFERROR(ABS(V1001)>1.5,FALSE) -> FALSE
A986: 985 | B986: 40587 | C986: 2 | D986: 16 | E986: FALSE | F986: 0 | G986: 2 | H986: 0.42 | I986: 0.4242 | J986: 0.28 | K986: 0.3284 | L986: 28 | M986: 106 | N986: 134 | O986: =VLOOKUP(G986,calculate_field!$B$2:$C$5,2,FALSE) -> Mist / cloudy | P986: =CHOOSE(F986+1,"Sunday","Monday","Tuesday","Wednesday","Thursday","Friday","Saturday") -> Sunday | Q986: =IF(OR(F986=0,F986=6),"Weekend","Weekday") -> Weekend | R986: =IF(D986<6,"Night",IF(D986<12,"Morning",IF(D986<17,"Afternoon",IF(D986<21,"Evening","Night")))) -> Afternoon | S986: =INDEX(calculate_field!$F$2:$F$4, MATCH(H986, calculate_field!$E$2:$E$4, 1)) -> Warm | T986: =AVERAGE(N986:N1009) -> 45.625 | U986: =_xlfn.STDEV.S(N986:N1009) -> 45.090834 | V986: =(N1009-U1009)/V1009 -> #DIV/0! | W986: =IFERROR(ABS(W1002)>1.5,FALSE) -> FALSE
A987: 986 | B987: 40587 | C987: 2 | D987: 17 | E987: FALSE | F987: 0 | G987: 1 | H987: 0.42 | I987: 0.4242 | J987: 0.28 | K987: 0.3284 | L987: 30 | M987: 95 | N987: 125 | O987: =VLOOKUP(G987,calculate_field!$B$2:$C$5,2,FALSE) -> Clear/Partly Cloudy | P987: =CHOOSE(F987+1,"Sunday","Monday","Tuesday","Wednesday","Thursday","Friday","Saturday") -> Sunday | Q987: =IF(OR(F987=0,F987=6),"Weekend","Weekday") -> Weekend | R987: =IF(D987<6,"Night",IF(D987<12,"Morning",IF(D987<17,"Afternoon",IF(D987<21,"Evening","Night")))) -> Evening | S987: =INDEX(calculate_field!$F$2:$F$4, MATCH(H987, calculate_field!$E$2:$E$4, 1)) -> Warm | T987: =AVERAGE(N987:N1010) -> 39.733333 | U987: =_xlfn.STDEV.S(N987:N1010) -> 39.791361 | V987: =(N1010-U1010)/V1010 -> #DIV/0! | W987: =IFERROR(ABS(W1003)>1.5,FALSE) -> FALSE
A988: 987 | B988: 40587 | C988: 2 | D988: 18 | E988: FALSE | F988: 0 | G988: 1 | H988: 0.4 | I988: 0.4091 | J988: 0.32 | K988: 0.2985 | L988: 17 | M988: 78 | N988: 95 | O988: =VLOOKUP(G988,calculate_field!$B$2:$C$5,2,FALSE) -> Clear/Partly Cloudy | P988: =CHOOSE(F988+1,"Sunday","Monday","Tuesday","Wednesday","Thursday","Friday","Saturday") -> Sunday | Q988: =IF(OR(F988=0,F988=6),"Weekend","Weekday") -> Weekend | R988: =IF(D988<6,"Night",IF(D988<12,"Morning",IF(D988<17,"Afternoon",IF(D988<21,"Evening","Night")))) -> Evening | S988: =INDEX(calculate_field!$F$2:$F$4, MATCH(H988, calculate_field!$E$2:$E$4, 1)) -> Warm | T988: =AVERAGE(N988:N1011) -> 33.642857 | U988: =_xlfn.STDEV.S(N988:N1011) -> 33.25567 | V988: =(N1011-U1011)/V1011 -> #DIV/0! | W988: =IFERROR(ABS(W1004)>1.5,FALSE) -> FALSE
A989: 988 | B989: 40587 | C989: 2 | D989: 19 | E989: FALSE | F989: 0 | G989: 1 | H989: 0.4 | I989: 0.4091 | J989: 0.35 | K989: 0.2836 | L989: 11 | M989: 50 | N989: 61 | O989: =VLOOKUP(G989,calculate_field!$B$2:$C$5,2,FALSE) -> Clear/Partly Cloudy | P989: =CHOOSE(F989+1,"Sunday","Monday","Tuesday","Wednesday","Thursday","Friday","Saturday") -> Sunday | Q989: =IF(OR(F989=0,F989=6),"Weekend","Weekday") -> Weekend | R989: =IF(D989<6,"Night",IF(D989<12,"Morning",IF(D989<17,"Afternoon",IF(D989<21,"Evening","Night")))) -> Evening | S989: =INDEX(calculate_field!$F$2:$F$4, MATCH(H989, calculate_field!$E$2:$E$4, 1)) -> Warm | T989: =AVERAGE(N989:N1012) -> 28.923077 | U989: =_xlfn.STDEV.S(N989:N1012) -> 29.329909 | V989: =(N1012-U1012)/V1012 -> #DIV/0! | W989: =IFERROR(ABS(W1005)>1.5,FALSE) -> FALSE
A990: 989 | B990: 40587 | C990: 2 | D990: 20 | E990: FALSE | F990: 0 | G990: 1 | H990: 0.4 | I990: 0.4091 | J990: 0.35 | K990: 0.3284 | L990: 15 | M990: 32 | N990: 47 | O990: =VLOOKUP(G990,calculate_field!$B$2:$C$5,2,FALSE) -> Clear/Partly Cloudy | P990: =CHOOSE(F990+1,"Sunday","Monday","Tuesday","Wednesday","Thursday","Friday","Saturday") -> Sunday | Q990: =IF(OR(F990=0,F990=6),"Weekend","Weekday") -> Weekend | R990: =IF(D990<6,"Night",IF(D990<12,"Morning",IF(D990<17,"Afternoon",IF(D990<21,"Evening","Night")))) -> Evening | S990: =INDEX(calculate_field!$F$2:$F$4, MATCH(H990, calculate_field!$E$2:$E$4, 1)) -> Warm | T990: =AVERAGE(N990:N1013) -> 26.25 | U990: =_xlfn.STDEV.S(N990:N1013) -> 28.932916 | V990: =(N1013-U1013)/V1013 -> #DIV/0! | W990: =IFERROR(ABS(W1006)>1.5,FALSE) -> FALSE
A991: 990 | B991: 40587 | C991: 2 | D991: 21 | E991: FALSE | F991: 0 | G991: 1 | H991: 0.4 | I991: 0.4091 | J991: 0.35 | K991: 0.3582 | L991: 6 | M991: 45 | N991: 51 | O991: =VLOOKUP(G991,calculate_field!$B$2:$C$5,2,FALSE) -> Clear/Partly Cloudy | P991: =CHOOSE(F991+1,"Sunday","Monday","Tuesday","Wednesday","Thursday","Friday","Saturday") -> Sunday | Q991: =IF(OR(F991=0,F991=6),"Weekend","Weekday") -> Weekend | R991: =IF(D991<6,"Night",IF(D991<12,"Morning",IF(D991<17,"Afternoon",IF(D991<21,"Evening","Night")))) -> Night | S991: =INDEX(calculate_field!$F$2:$F$4, MATCH(H991, calculate_field!$E$2:$E$4, 1)) -> Warm | T991: =AVERAGE(N991:N1014) -> 24.363636 | U991: =_xlfn.STDEV.S(N991:N1014) -> 29.561031 | V991: =(N1014-U1014)/V1014 -> #DIV/0! | W991: =IFERROR(ABS(W1007)>1.5,FALSE) -> FALSE
A992: 991 | B992: 40587 | C992: 2 | D992: 22 | E992: FALSE | F992: 0 | G992: 1 | H992: 0.4 | I992: 0.4091 | J992: 0.35 | K992: 0.2985 | L992: 5 | M992: 31 | N992: 36 | O992: =VLOOKUP(G992,calculate_field!$B$2:$C$5,2,FALSE) -> Clear/Partly Cloudy | P992: =CHOOSE(F992+1,"Sunday","Monday","Tuesday","Wednesday","Thursday","Friday","Saturday") -> Sunday | Q992: =IF(OR(F992=0,F992=6),"Weekend","Weekday") -> Weekend | R992: =IF(D992<6,"Night",IF(D992<12,"Morning",IF(D992<17,"Afternoon",IF(D992<21,"Evening","Night")))) -> Night | S992: =INDEX(calculate_field!$F$2:$F$4, MATCH(H992, calculate_field!$E$2:$E$4, 1)) -> Warm | T992: =AVERAGE(N992:N1015) -> 21.7 | U992: =_xlfn.STDEV.S(N992:N1015) -> 29.736061 | V992: =(N1015-U1015)/V1015 -> #DIV/0! | W992: =IFERROR(ABS(W1008)>1.5,FALSE) -> FALSE
A993: 992 | B993: 40587 | C993: 2 | D993: 23 | E993: FALSE | F993: 0 | G993: 1 | H993: 0.4 | I993: 0.4091 | J993: 0.35 | K993: 0.3582 | L993: 3 | M993: 27 | N993: 30 | O993: =VLOOKUP(G993,calculate_field!$B$2:$C$5,2,FALSE) -> Clear/Partly Cloudy | P993: =CHOOSE(F993+1,"Sunday","Monday","Tuesday","Wednesday","Thursday","Friday","Saturday") -> Sunday | Q993: =IF(OR(F993=0,F993=6),"Weekend","Weekday") -> Weekend | R993: =IF(D993<6,"Night",IF(D993<12,"Morning",IF(D993<17,"Afternoon",IF(D993<21,"Evening","Night")))) -> Night | S993: =INDEX(calculate_field!$F$2:$F$4, MATCH(H993, calculate_field!$E$2:$E$4, 1)) -> Warm | T993: =AVERAGE(N993:N1016) -> 20.111111 | U993: =_xlfn.STDEV.S(N993:N1016) -> 31.086349 | V993: =(N1016-U1016)/V1016 -> #DIV/0! | W993: =IFERROR(ABS(W1009)>1.5,FALSE) -> FALSE
A994: 993 | B994: 40588 | C994: 2 | D994: 0 | E994: FALSE | F994: 1 | G994: 1 | H994: 0.38 | I994: 0.3939 | J994: 0.37 | K994: 0.3582 | L994: 3 | M994: 8 | N994: 11 | O994: =VLOOKUP(G994,calculate_field!$B$2:$C$5,2,FALSE) -> Clear/Partly Cloudy | P994: =CHOOSE(F994+1,"Sunday","Monday","Tuesday","Wednesday","Thursday","Friday","Saturday") -> Monday | Q994: =IF(OR(F994=0,F994=6),"Weekend","Weekday") -> Weekday | R994: =IF(D994<6,"Night",IF(D994<12,"Morning",IF(D994<17,"Afternoon",IF(D994<21,"Evening","Night")))) -> Night | S994: =INDEX(calculate_field!$F$2:$F$4, MATCH(H994, calculate_field!$E$2:$E$4, 1)) -> Warm | T994: =AVERAGE(N994:N1017) -> 18.875 | U994: =_xlfn.STDEV.S(N994:N1017) -> 32.9954 | V994: =(N1017-U1017)/V1017 -> #DIV/0! | W994: =IFERROR(ABS(W1010)>1.5,FALSE) -> FALSE
...

Sheet calculate_field
B1: weathersit | C1: weather_Category | E1: Min Temp °C | F1: Temp Category
B2: 1 | C2: Clear/Partly Cloudy | E2: 0 | F2: Cold
B3: 2 | C3: Mist / cloudy | E3: 0.2 | F3: Mild
B4: 3 | C4: Light Snow / Rain | E4: 0.3 | F4: Warm
B5: 4 | C5: Heavy Rain
B9: Formula | C9: Matric | D9: value
B10: Sum | C10: Total Rentals (cnt) | D10: =SUM('clean data'!N:N) -> 58304 | F10: Row Labels | G10: StdDev of cnt
B11: Avg | C11: Avg of cnt | D11: =AVERAGE('clean data'!N:N) -> 58.304 | F11: Clear/Partly Cloudy | G11: 52.059306
B12: Sum | C12: Total Rentals (casual) | D12: =SUM('clean data'!L:L) -> 4921 | F12: Heavy Rain | G12: #DIV/0!
B13: Sum | C13: Total Rentals (Registration) | D13: =SUM('clean data'!M:M) -> 53383 | F13: Light Snow / Rain | G13: 31.519655
F14: Mist / cloudy | G14: 51.424211
F15: Grand Total | G15: 50.985558
B16: countif | C16: total weekdays Record | D16: =COUNTIF('clean data'!Q:Q,"weekday") -> 670
B17: countif | C17: total weekends Record | D17: =COUNTIF('clean data'!Q:Q,'clean data'!Q2) -> 330
B18: countif | C18: total cold record | D18: =COUNTIF('clean data'!S:S,"cold") -> 425
B19: countif | C19: total warm record | D19: =COUNTIF('clean data'!S:S,"Warm") -> 138
B20: countif | C20: total Mild record | D20: =COUNTIF('clean data'!S:S,"Mild") -> 437
B22: sumif | C22: Total bike rentals on weekends | D22: =SUMIF('clean data'!Q:Q,"weekend",'clean data'!N:N) -> 15869
B23: sumif | C23: Total bike rentals on weekdays | D23: =SUMIF('clean data'!Q:Q,"weekday",'clean data'!N:N) -> 42435
B25: sumif | C25: Total rentals during Warm temperature | D25: =SUMIF('clean data'!S:S,"warm",'clean data'!N:N) -> 11820
B26: sumif | C26: Total rentals during mild temperature | D26: =SUMIF('clean data'!S:S,"mild",'clean data'!N:N) -> 26218
B27: sumif | C27: Total rentals during cold temperature | D27: =SUMIF('clean data'!S:S,"cold",'clean data'!N:N) -> 20266
B31: coreel | C31: Correlation(cnt,temp) | D31: =CORREL('clean data'!N:N,'clean data'!H:H) -> 0.22929155
B32: coreel | C32: Correlation(cnt,atemp) | D32: =CORREL('clean data'!N:N,'clean data'!I:I) -> 0.17935425
B33: coreel | C33: Correlation(cnt,hum) | D33: =CORREL('clean data'!N:N,'clean data'!J:J) -> -0.2543533
B34: coreel | C34: Correlation(cnt,windspeed) | D34: =CORREL('clean data'!N:N,'clean data'!K:K) -> 0.10399668

Sheet deshboard

Sheet weektype
D2: Weekday vs Weekend Bike Rental Usage
B9: Row Labels | C9: Sum of casual | D9: Sum of reg
B10: Weekday | C10: 2219 | D10: 40216
B11: Weekend | C11: 2702 | D11: 13167
B12: Grand Total | C12: 4921 | D12: 53383

Sheet Hrs wise count
C2: HRS WISE SUM OF REGISTRATION & CASUAL
B5: Row Labels | C5: Sum of registered | D5: Sum of casual
B6: 0 | C6: 629 | D6: 74
B7: 1 | C7: 412 | D7: 48
B8: 2 | C8: 261 | D8: 33
B9: 3 | C9: 117 | D9: 34
B10: 4 | C10: 62 | D10: 7
B11: 5 | C11: 161 | D11: 3
B12: 6 | C12: 801 | D12: 21
B13: 7 | C13: 2275 | D13: 64
B14: 8 | C14: 5261 | D14: 127
B15: 9 | C15: 3500 | D15: 172
B16: 10 | C16: 2037 | D16: 216
B17: 11 | C17: 2127 | D17: 367
... B29: 23 | C29: 982 | D29: 101
B30: Grand Total | C30: 53383 | D30: 4921

Sheet weth_cat wise users
C2: WEATHER CATEGORY WISE TOTAL CASUAL & REGISTRATION USERS
B12: Row Labels | C12: Sum of casual | D12: Sum of registered
B13: Clear/Partly Cloudy | C13: 3211 | D13: 34162
B14: Heavy Rain | C14: 1 | D14: 35
B15: Light Snow / Rain | C15: 171 | D15: 2618
B16: Mist / cloudy | C16: 1538 | D16: 16568
B17: Grand Total | C17: 4921 | D17: 53383

Sheet monwise count
C2: MONTH WISE TOTAL COUNT
B9: Row Labels | C9: Sum of cnt
B10: Jan | C10: 38189
B11: Feb | C11: 20115
B12: Grand Total | C12: 58304

Sheet weth_cat Avg
C2: WEATHER CATEGORY WISE AVERAGE OF COUNT
B10: Row Labels | C10: Average of cnt
B11: Clear/Partly Cloudy | C11: 61.671617
B12: Heavy Rain | C12: 36
B13: Light Snow / Rain | C13: 33.202381
B14: Mist / cloudy | C14: 58.595469
B15: Grand Total | C15: 58.304

Sheet Temp_catg
C3: TEMPURATURE CATEGORIES WISE SUM OF CASUAL AND REGESTRATION
B12: Row Labels | C12: Sum of casual | D12: Sum of registered
B13: Sunday | C13: 1477 | D13: 6644
B14: Monday | C14: 534 | D14: 7916
B15: Tuesday | C15: 457 | D15: 7926
B16: Wednesday | C16: 344 | D16: 7705
B17: Thursday | C17: 332 | D17: 8126
B18: Friday | C18: 552 | D18: 8543
B19: Saturday | C19: 1225 | D19: 6523
B20: Grand Total | C20: 4921 | D20: 53383

Sheet funnel of users
D7: TOTAL STAGES BY VALUE
C13: A | D13: B
C14: Stage | D14: Value
C15: Total Users | D15: 58304
C16: Registered Users | D16: 53383
C17: Casual Users | D17: 4931

Sheet Temp_cat sum of casu & reg
D2: TEMPURATURE CATEGORIES WISE SUM OF CASUAL AND REGESTRATION
B9: Temp_cat | C9: Sum of casual | D9: Sum of registered
B10: Cold | C10: 970 | D10: 19296
B11: Mild | C11: 1984 | D11: 24234
B12: Warm | C12: 1967 | D12: 9853
B13: Grand Total | C13: 4921 | D13: 53383

Sheet time_prd combo
C2: TIME PERIOD WISE SUM OF CAUSALS & REG
B10: Row Labels | C10: Sum of casual | D10: Sum of reg
B11: Afternoon | C11: 2490 | D11: 14649
B12: Evening | C12: 944 | D12: 16825
B13: Morning | C13: 967 | D13: 16001
B14: Night | C14: 520 | D14: 5908

Sheet Heatmap
B2: hrs | C2: sum_cnt | K2: SUMMARY & INSIGHTS
B3: Hrs | C3: Sun | D3: Mon | E3: Tue | F3: Wed | G3: Thur | H3: Fri | I3: Sat
B4: 0 | C4: 214 | D4: 67 | E4: 44 | F4: 52 | G4: 59 | H4: 88 | I4: 179 | K4: I created an hour-by-weekday heatmap using SUM(cnt) with conditional formatting to highlight peak and off-peak demand,where green represents low demand, yellow indicates medium demand, and red highlights high demand. enabling clear comparison between weekday and weekend usage patterns.The heatmap excludes grand totals to maintain accurate color scaling and highlight true demand patterns
B5: 1 | C5: 162 | D5: 39 | E5: 17 | F5: 34 | G5: 23 | H5: 35 | I5: 150
B6: 2 | C6: 105 | D6: 17 | E6: 10 | F6: 23 | G6: 11 | H6: 10 | I6: 118
B7: 3 | C7: 63 | D7: 9 | E7: 3 | F7: 3 | G7: 5 | H7: 4 | I7: 64
B8: 4 | C8: 10 | D8: 14 | E8: 6 | F8: 5 | G8: 7 | H8: 2 | I8: 25
B9: 5 | C9: 10 | D9: 33 | E9: 24 | F9: 26 | G9: 21 | H9: 33 | I9: 17
B10: 6 | C10: 11 | D10: 174 | E10: 160 | F10: 150 | G10: 164 | H10: 146 | I10: 17
B11: 7 | C11: 26 | D11: 503 | E11: 453 | F11: 410 | G11: 454 | H11: 443 | I11: 50
B12: 8 | C12: 102 | D12: 967 | E12: 1012 | F12: 946 | G12: 1036 | H12: 1178 | I12: 147 | K12: 1. Peak demand occurs during commuting hours (8–9 AM and 5–7 PM) across weekdays, showing clear work-travel patterns
B13: 9 | C13: 229 | D13: 561 | E13: 625 | F13: 609 | G13: 659 | H13: 785 | I13: 204
B14: 10 | C14: 497 | D14: 296 | E14: 246 | F14: 291 | G14: 227 | H14: 314 | I14: 382
B15: 11 | C15: 599 | D15: 286 | E15: 254 | F15: 267 | G15: 273 | H15: 337 | I15: 478
B16: 12 | C16: 819 | D16: 390 | E16: 364 | F16: 377 | G16: 358 | H16: 384 | I16: 591 | K16: 2. Friday is the busiest day, recording the highest demand in both morning and evening peak periods.
B17: 13 | C17: 775 | D17: 386 | E17: 366 | F17: 389 | G17: 361 | H17: 446 | I17: 653
B18: 14 | C18: 776 | D18: 401 | E18: 340 | F18: 338 | G18: 288 | H18: 389 | I18: 668
B19: 15 | C19: 799 | D19: 361 | E19: 334 | F19: 376 | G19: 302 | H19: 410 | I19: 770
B20: 16 | C20: 746 | D20: 502 | E20: 483 | F20: 479 | G20: 437 | H20: 578 | I20: 703 | K20: 3. Early morning hours (2–5 AM) show the lowest usage, identifying consistent off-peak periods.
B21: 17 | C21: 610 | D21: 967 | E21: 1047 | F21: 908 | G21: 973 | H21: 1072 | I21: 592
B22: 18 | C22: 455 | D22: 888 | E22: 955 | F22: 819 | G22: 903 | H22: 820 | I22: 443
B23: 19 | C23: 319 | D23: 610 | E23: 617 | F23: 506 | G23: 650 | H23: 576 | I23: 383
B24: 20 | C24: 258 | D24: 406 | E24: 418 | F24: 380 | G24: 524 | H24: 368 | I24: 302 | K24: 4. Weekday demand is higher and more structured than weekends, while weekend usage is more evenly spread throughout the day
B25: 21 | C25: 210 | D25: 310 | E25: 272 | F25: 305 | G25: 309 | H25: 280 | I25: 310
B26: 22 | C26: 192 | D26: 163 | E26: 215 | F26: 220 | G26: 257 | H26: 221 | I26: 240
B27: 23 | C27: 134 | D27: 100 | E27: 118 | F27: 136 | G27: 157 | H27: 176 | I27: 262
